,# Tm,Pos,Player,Age,Tm,Pts Won,Pts Max,Share,1st Tm,2nd Tm,3rd Tm,G,MP,PTS,TRB,AST,STL,BLK,FG%,3P%,FT%,WS,WS/48,Year
0,1st,F,Tim Duncan,26.0,SAS,603.0,610.0,0.989,120.0,,,81.0,39.3,23.3,12.9,3.9,0.7,2.9,0.513,0.273,0.71,16.5,0.248,2003
1,1st,G,Kobe Bryant,24.0,LAL,599.0,610.0,0.982,118.0,,,82.0,41.5,30.0,6.9,5.9,2.2,0.8,0.451,0.383,0.843,14.9,0.21,2003
2,1st,F,Kevin Garnett,26.0,MIN,596.0,610.0,0.977,115.0,,,82.0,40.5,23.0,13.4,6.0,1.4,1.6,0.502,0.282,0.751,15.6,0.225,2003
3,1st,C,Shaquille O'Neal,30.0,LAL,593.0,610.0,0.972,112.0,,,67.0,37.8,27.5,11.1,3.1,0.6,2.4,0.574,,0.622,13.2,0.25,2003
4,1st,G,Tracy McGrady,23.0,ORL,578.0,610.0,0.948,107.0,,,75.0,39.4,32.1,6.5,5.5,1.7,0.8,0.457,0.386,0.793,16.1,0.262,2003
6,2nd,F,Dirk Nowitzki,24.0,DAL,360.0,610.0,0.59,5.0,,,80.0,39.0,25.1,9.9,3.0,1.4,1.0,0.463,0.379,0.881,16.1,0.249,2003
7,2nd,G,Jason Kidd,29.0,NJN,355.0,610.0,0.582,16.0,,,80.0,37.4,18.7,6.3,8.9,2.2,0.3,0.414,0.341,0.841,11.3,0.182,2003
8,2nd,G,Allen Iverson,27.0,PHI,350.0,610.0,0.574,8.0,,,82.0,42.5,27.6,4.2,5.5,2.7,0.2,0.414,0.277,0.774,9.2,0.127,2003
9,2nd,F,Chris Webber,29.0,SAC,310.0,610.0,0.508,1.0,,,67.0,39.1,23.0,10.5,5.4,1.6,1.3,0.461,0.238,0.607,6.9,0.127,2003
10,2nd,C,Ben Wallace,28.0,DET,307.0,610.0,0.503,5.0,,,73.0,39.4,6.9,15.4,1.6,1.4,3.2,0.481,0.167,0.45,10.6,0.176,2003
12,3rd,C,Jermaine O'Neal,24.0,IND,165.0,610.0,0.27,2.0,,,77.0,37.2,20.8,10.3,2.0,0.9,2.3,0.484,0.333,0.731,10.5,0.177,2003
13,3rd,G,Stephon Marbury,25.0,PHO,141.0,610.0,0.231,1.0,,,81.0,40.0,22.3,3.2,8.1,1.3,0.2,0.439,0.301,0.803,9.6,0.142,2003
14,3rd,F,Paul Pierce,25.0,BOS,91.0,610.0,0.149,0.0,,,79.0,39.2,25.9,7.3,4.4,1.8,0.8,0.416,0.302,0.802,10.1,0.157,2003
15,3rd,G,Steve Nash,28.0,DAL,85.0,610.0,0.139,0.0,,,82.0,33.1,17.7,2.9,7.3,1.0,0.1,0.465,0.413,0.909,11.6,0.206,2003
16,3rd,F,Jamal Mashburn,30.0,NOH,63.0,610.0,0.103,0.0,,,82.0,40.5,21.6,6.1,5.6,1.0,0.2,0.422,0.389,0.848,9.0,0.13,2003
18,ORV,C,Yao Ming,22.0,HOU,55.0,610.0,0.09,0.0,,,82.0,29.0,13.5,8.2,1.7,0.4,1.8,0.498,0.5,0.811,8.7,0.176,2003
19,ORV,F,Karl Malone,39.0,UTA,33.0,610.0,0.054,0.0,,,81.0,36.2,20.6,7.8,4.7,1.7,0.4,0.462,0.214,0.763,11.1,0.182,2003
20,ORV,F,Shawn Marion,24.0,PHO,28.0,610.0,0.046,0.0,,,81.0,41.6,21.2,9.5,2.4,2.3,1.2,0.452,0.387,0.851,13.0,0.186,2003
21,ORV,C,Zydrunas Ilgauskas,27.0,CLE,25.0,610.0,0.041,0.0,,,81.0,30.0,17.2,7.5,1.6,0.7,1.9,0.441,0.0,0.781,5.0,0.099,2003
22,ORV,C,Vlade Divac,34.0,SAC,23.0,610.0,0.038,0.0,,,80.0,29.8,9.9,7.2,3.4,1.0,1.3,0.466,0.24,0.713,7.0,0.141,2003
23,ORV,G,Steve Francis,25.0,HOU,18.0,610.0,0.03,0.0,,,81.0,41.0,21.0,6.2,6.2,1.7,0.5,0.435,0.354,0.8,11.1,0.16,2003
24,ORV,G,Ray Allen,27.0,TOT,15.0,610.0,0.025,0.0,,,76.0,37.9,22.5,5.0,4.4,1.4,0.2,0.439,0.377,0.916,9.1,0.152,2003
25,ORV,G,Gary Payton,34.0,TOT,14.0,610.0,0.023,0.0,,,80.0,40.1,20.4,4.2,8.3,1.7,0.3,0.454,0.297,0.71,9.1,0.136,2003
26,ORV,F,Rasheed Wallace,28.0,POR,14.0,610.0,0.023,0.0,,,74.0,36.3,18.1,7.4,2.1,0.9,1.0,0.471,0.358,0.735,8.5,0.151,2003
27,ORV,G,Allan Houston,31.0,NYK,10.0,610.0,0.016,0.0,,,82.0,37.9,22.5,2.8,2.7,0.7,0.1,0.445,0.396,0.919,7.2,0.111,2003
28,ORV,C,Pau Gasol,22.0,MEM,8.0,610.0,0.013,0.0,,,82.0,36.0,19.0,8.8,2.8,0.4,1.8,0.51,0.1,0.736,8.5,0.138,2003
29,ORV,F,Brad Miller,26.0,IND,8.0,610.0,0.013,0.0,,,73.0,31.1,13.1,8.3,2.6,0.9,0.6,0.493,0.313,0.818,9.6,0.202,2003
30,ORV,C,David Robinson,37.0,SAS,8.0,610.0,0.013,0.0,,,64.0,26.2,8.5,7.9,1.0,0.8,1.7,0.469,,0.71,6.0,0.172,2003
31,ORV,F,Peja Stojaković,25.0,SAC,8.0,610.0,0.013,0.0,,,72.0,34.0,19.2,5.5,2.0,1.0,0.1,0.481,0.382,0.875,10.1,0.199,2003
32,ORV,G,Michael Jordan,39.0,WAS,7.0,610.0,0.011,0.0,,,82.0,37.0,20.0,6.1,3.8,1.5,0.5,0.445,0.291,0.821,6.2,0.099,2003
33,ORV,F,Elton Brand,23.0,LAC,2.0,610.0,0.003,0.0,0.0,2.0,62.0,39.6,18.5,11.3,2.5,1.1,2.5,0.502,0.0,0.685,7.6,0.149,2003
34,ORV,F,Brian Grant,30.0,MIA,2.0,610.0,0.003,0.0,0.0,2.0,82.0,32.2,10.3,10.2,1.3,0.8,0.6,0.509,,0.771,7.7,0.139,2003
35,ORV,F,Antawn Jamison,26.0,GSW,2.0,610.0,0.003,0.0,0.0,2.0,82.0,39.3,22.2,7.0,1.9,0.9,0.5,0.47,0.311,0.789,8.5,0.126,2003
36,ORV,C,Theo Ratliff,29.0,ATL,2.0,610.0,0.003,0.0,0.0,2.0,81.0,31.1,8.7,7.5,0.9,0.7,3.2,0.464,,0.72,4.0,0.077,2003
37,ORV,F,Amar'e Stoudemire,20.0,PHO,2.0,610.0,0.003,0.0,0.0,2.0,82.0,31.3,13.5,8.8,1.0,0.8,1.1,0.472,0.2,0.661,6.2,0.116,2003
38,ORV,F,Antoine Walker,26.0,BOS,2.0,610.0,0.003,0.0,0.0,2.0,78.0,41.5,20.1,7.2,4.8,1.5,0.4,0.388,0.323,0.615,2.6,0.039,2003
39,ORV,G,Mike Bibby,24.0,SAC,1.0,610.0,0.002,0.0,0.0,1.0,55.0,33.4,15.9,2.7,5.2,1.3,0.1,0.47,0.409,0.861,5.6,0.146,2003
40,ORV,G,Michael Finley,29.0,DAL,1.0,610.0,0.002,0.0,0.0,1.0,69.0,38.3,19.3,5.8,3.0,1.1,0.3,0.425,0.37,0.861,6.7,0.123,2003
41,ORV,C,Jamaal Magloire,24.0,NOH,1.0,610.0,0.002,0.0,0.0,1.0,82.0,29.8,10.3,8.8,1.1,0.6,1.4,0.48,0.0,0.717,6.7,0.133,2003
42,ORV,G,Tony Parker,20.0,SAS,1.0,610.0,0.002,0.0,0.0,1.0,82.0,33.8,15.5,2.6,5.3,0.9,0.0,0.464,0.337,0.755,7.7,0.134,2003
43,ORV,F,Jalen Rose,30.0,CHI,1.0,610.0,0.002,0.0,0.0,1.0,82.0,40.9,22.1,4.3,4.8,0.9,0.3,0.406,0.37,0.854,3.6,0.052,2003
44,ORV,G,John Stockton,40.0,UTA,1.0,610.0,0.002,0.0,0.0,1.0,82.0,27.7,10.8,2.5,7.7,1.7,0.2,0.483,0.363,0.826,9.0,0.19,2003
45,ORV,F,Wally Szczerbiak,25.0,MIN,1.0,610.0,0.002,0.0,0.0,1.0,52.0,35.3,17.6,4.6,2.6,0.8,0.4,0.481,0.421,0.867,5.2,0.135,2003
0,1st,F,Kevin Garnett,27.0,MIN,615.0,615.0,1.0,123.0,0.0,0.0,82.0,39.4,24.2,13.9,5.0,1.5,2.2,0.499,0.256,0.791,18.3,0.272,2004
1,1st,F,Tim Duncan,27.0,SAS,597.0,615.0,0.971,114.0,,,69.0,36.6,22.3,12.4,3.1,0.9,2.7,0.501,0.167,0.599,13.1,0.249,2004
2,1st,G,Kobe Bryant,25.0,LAL,582.0,615.0,0.946,111.0,,,65.0,37.6,24.0,5.5,5.1,1.7,0.4,0.438,0.327,0.852,10.7,0.21,2004
3,1st,C,Shaquille O'Neal,31.0,LAL,556.0,615.0,0.904,95.0,,,67.0,36.8,21.5,11.5,2.9,0.5,2.5,0.584,,0.49,9.9,0.192,2004
4,1st,G,Jason Kidd,30.0,NJN,421.0,615.0,0.685,55.0,,,67.0,36.6,15.5,6.4,9.2,1.8,0.2,0.384,0.321,0.827,7.2,0.141,2004
6,2nd,C,Jermaine O'Neal,25.0,IND,423.0,615.0,0.688,31.0,,,78.0,35.7,20.1,10.0,2.1,0.8,2.6,0.434,0.111,0.757,9.0,0.155,2004
7,2nd,F,Peja Stojaković,26.0,SAC,378.0,615.0,0.615,14.0,,,81.0,40.3,24.2,6.3,2.1,1.3,0.2,0.48,0.433,0.927,13.5,0.198,2004
8,2nd,G,Sam Cassell,34.0,MIN,322.0,615.0,0.524,34.0,,,81.0,35.0,19.8,3.3,7.3,1.3,0.2,0.488,0.398,0.873,12.1,0.205,2004
9,2nd,G,Tracy McGrady,24.0,ORL,274.0,615.0,0.446,16.0,,,67.0,39.9,28.0,6.0,5.5,1.4,0.6,0.417,0.339,0.796,8.4,0.151,2004
10,2nd,C,Ben Wallace,29.0,DET,195.0,615.0,0.317,2.0,,,81.0,37.7,9.5,12.4,1.7,1.8,3.0,0.421,0.125,0.49,10.2,0.16,2004
12,3rd,C,Yao Ming,23.0,HOU,189.0,615.0,0.307,0.0,,,82.0,32.8,17.5,9.0,1.5,0.3,1.9,0.522,0.0,0.809,11.4,0.202,2004
13,3rd,G,Baron Davis,24.0,NOH,176.0,615.0,0.286,10.0,,,67.0,40.1,22.9,4.3,7.5,2.4,0.4,0.395,0.321,0.673,7.5,0.133,2004
14,3rd,F,Dirk Nowitzki,25.0,DAL,145.0,615.0,0.236,0.0,,,77.0,37.9,21.8,8.7,2.7,1.2,1.4,0.462,0.341,0.877,11.5,0.19,2004
15,3rd,G,Michael Redd,24.0,MIL,95.0,615.0,0.154,4.0,,,82.0,36.8,21.7,5.0,2.3,1.0,0.1,0.44,0.35,0.868,9.7,0.154,2004
16,3rd,F,Metta World Peace,24.0,IND,90.0,615.0,0.146,0.0,,,73.0,37.2,18.3,5.3,3.7,2.1,0.7,0.421,0.31,0.733,8.0,0.141,2004
18,ORV,G,Steve Nash,29.0,DAL,75.0,615.0,0.122,3.0,,,78.0,33.5,14.5,3.0,8.8,0.9,0.1,0.47,0.405,0.916,8.8,0.162,2004
19,ORV,F,Paul Pierce,26.0,BOS,68.0,615.0,0.111,0.0,,,80.0,38.7,23.0,6.5,5.1,1.6,0.7,0.402,0.299,0.819,7.1,0.109,2004
20,ORV,F,LeBron James,19.0,CLE,48.0,615.0,0.078,1.0,,,79.0,39.5,20.9,5.5,5.9,1.6,0.7,0.417,0.29,0.754,5.1,0.078,2004
21,ORV,F,Andrei Kirilenko,22.0,UTA,48.0,615.0,0.078,0.0,,,78.0,37.1,16.5,8.1,3.1,1.9,2.8,0.443,0.338,0.79,11.6,0.192,2004
22,ORV,G,Stephon Marbury,26.0,TOT,44.0,615.0,0.072,0.0,,,81.0,40.2,20.2,3.2,8.9,1.6,0.1,0.431,0.318,0.817,9.1,0.134,2004
23,ORV,F,Lamar Odom,24.0,MIA,20.0,615.0,0.033,0.0,,,80.0,37.5,17.1,9.7,4.1,1.1,0.9,0.43,0.298,0.742,8.4,0.134,2004
24,ORV,G,Mike Bibby,25.0,SAC,18.0,615.0,0.029,1.0,,,82.0,36.3,18.4,3.4,5.4,1.4,0.2,0.45,0.392,0.815,9.3,0.151,2004
25,ORV,F,Zach Randolph,22.0,POR,18.0,615.0,0.029,0.0,,,81.0,37.9,20.1,10.5,2.0,0.8,0.5,0.485,0.2,0.761,7.1,0.111,2004
26,ORV,F,Vince Carter,27.0,TOR,16.0,615.0,0.026,0.0,,,73.0,38.2,22.5,4.8,4.8,1.2,0.9,0.417,0.383,0.806,6.0,0.103,2004
27,ORV,F,Carmelo Anthony,19.0,DEN,14.0,615.0,0.023,0.0,,,82.0,36.5,21.0,6.1,2.8,1.2,0.5,0.426,0.322,0.777,6.1,0.098,2004
28,ORV,G,Chauncey Billups,27.0,DET,12.0,615.0,0.02,0.0,,,78.0,35.4,16.9,3.5,5.7,1.1,0.1,0.394,0.388,0.878,11.3,0.198,2004
29,ORV,C,Brad Miller,27.0,SAC,12.0,615.0,0.02,0.0,,,72.0,36.4,14.1,10.3,4.3,0.9,1.2,0.51,0.316,0.778,10.0,0.184,2004
30,ORV,C,Jamaal Magloire,25.0,NOH,9.0,615.0,0.015,0.0,,,82.0,33.9,13.6,10.3,1.0,0.5,1.2,0.473,0.0,0.751,7.6,0.131,2004
31,ORV,C,Pau Gasol,23.0,MEM,8.0,615.0,0.013,0.0,,,78.0,31.5,17.7,7.7,2.5,0.6,1.7,0.482,0.267,0.714,8.1,0.159,2004
32,ORV,G,Allen Iverson,28.0,PHI,8.0,615.0,0.013,0.0,,,48.0,42.5,26.4,3.7,6.8,2.4,0.1,0.387,0.286,0.745,2.8,0.066,2004
33,ORV,G,Ray Allen,28.0,SEA,6.0,615.0,0.01,0.0,,,56.0,38.4,23.0,5.1,4.8,1.3,0.2,0.44,0.392,0.904,6.9,0.153,2004
34,ORV,F,Elton Brand,24.0,LAC,5.0,615.0,0.008,0.0,,,69.0,38.7,20.0,10.3,3.3,0.9,2.2,0.493,0.0,0.773,9.7,0.174,2004
35,ORV,C,Erick Dampier,28.0,GSW,4.0,615.0,0.007,0.0,,,74.0,32.5,12.3,12.0,0.8,0.4,1.9,0.535,0.0,0.654,8.9,0.178,2004
36,ORV,G,Michael Finley,30.0,DAL,4.0,615.0,0.007,0.0,,,72.0,38.6,18.6,4.5,2.9,1.2,0.5,0.443,0.405,0.85,7.6,0.131,2004
37,ORV,G,Manu Ginóbili,26.0,SAS,4.0,615.0,0.007,0.0,,,77.0,29.4,12.8,4.5,3.8,1.8,0.2,0.418,0.359,0.802,9.1,0.194,2004
38,ORV,C,Zydrunas Ilgauskas,28.0,CLE,4.0,615.0,0.007,0.0,,,81.0,31.3,15.3,8.1,1.3,0.5,2.5,0.483,0.286,0.746,7.8,0.147,2004
39,ORV,F,Amar'e Stoudemire,21.0,PHO,4.0,615.0,0.007,0.0,,,55.0,36.8,20.6,9.0,1.4,1.2,1.6,0.475,0.2,0.713,4.4,0.105,2004
40,ORV,G,Jason Williams,28.0,MEM,4.0,615.0,0.007,0.0,,,72.0,29.4,10.9,2.0,6.8,1.3,0.1,0.407,0.33,0.837,5.4,0.122,2004
41,ORV,G,Richard Hamilton,25.0,DET,3.0,615.0,0.005,0.0,,,78.0,35.5,17.6,3.6,4.0,1.3,0.2,0.455,0.265,0.868,8.1,0.141,2004
42,ORV,F,Shawn Marion,25.0,PHO,2.0,615.0,0.003,0.0,0.0,2.0,79.0,40.7,19.0,9.3,2.7,2.1,1.3,0.44,0.34,0.851,9.1,0.135,2004
43,ORV,G,Tony Parker,21.0,SAS,2.0,615.0,0.003,0.0,0.0,2.0,75.0,34.4,14.7,3.2,5.5,0.8,0.1,0.447,0.312,0.702,7.5,0.14,2004
44,ORV,F,Rasheed Wallace,29.0,TOT,2.0,615.0,0.003,0.0,0.0,2.0,68.0,35.1,16.0,6.8,2.3,0.9,1.8,0.436,0.331,0.736,6.2,0.125,2004
45,ORV,F,Carlos Boozer,22.0,CLE,1.0,615.0,0.002,0.0,0.0,1.0,75.0,34.6,15.5,11.4,2.0,1.0,0.7,0.523,0.167,0.768,9.4,0.174,2004
46,ORV,G,Steve Francis,26.0,HOU,1.0,615.0,0.002,0.0,0.0,1.0,79.0,40.4,16.6,5.5,6.2,1.8,0.4,0.403,0.292,0.775,7.1,0.107,2004
47,ORV,G,Corey Maggette,24.0,LAC,1.0,615.0,0.002,0.0,0.0,1.0,73.0,36.0,20.7,5.9,3.1,0.9,0.2,0.447,0.329,0.848,8.6,0.157,2004
48,ORV,F,Kenyon Martin,26.0,NJN,1.0,615.0,0.002,0.0,0.0,1.0,65.0,34.6,16.7,9.5,2.5,1.5,1.3,0.488,0.28,0.684,6.7,0.142,2004
49,ORV,C,Theo Ratliff,30.0,TOT,1.0,615.0,0.002,0.0,0.0,1.0,85.0,31.3,7.9,7.2,0.8,0.6,3.6,0.485,,0.645,5.2,0.094,2004
0,1st,C,Shaquille O'Neal,32.0,MIA,616.0,620.0,0.994,122.0,,,73.0,34.1,22.9,10.4,2.7,0.5,2.3,0.601,,0.461,11.0,0.211,2005
1,1st,G,Steve Nash,30.0,PHO,606.0,620.0,0.977,118.0,,,75.0,34.3,15.5,3.3,11.5,1.0,0.1,0.502,0.431,0.887,10.9,0.203,2005
2,1st,F,Tim Duncan,28.0,SAS,553.0,620.0,0.892,95.0,,,66.0,33.4,20.3,11.1,2.7,0.7,2.6,0.496,0.333,0.67,11.2,0.245,2005
3,1st,F,Dirk Nowitzki,26.0,DAL,510.0,620.0,0.823,75.0,,,78.0,38.7,26.1,9.7,3.1,1.2,1.5,0.459,0.399,0.869,15.6,0.248,2005
4,1st,G,Allen Iverson,29.0,PHI,498.0,620.0,0.803,69.0,,,75.0,42.3,30.7,4.0,7.9,2.4,0.1,0.424,0.308,0.835,9.0,0.136,2005
6,2nd,F,LeBron James,20.0,CLE,421.0,620.0,0.679,45.0,,,80.0,42.4,27.2,7.4,7.2,2.2,0.7,0.472,0.351,0.75,14.3,0.203,2005
7,2nd,G,Dwyane Wade,23.0,MIA,417.0,620.0,0.673,35.0,,,77.0,38.6,24.1,5.2,6.8,1.6,1.1,0.478,0.289,0.762,11.0,0.177,2005
8,2nd,F,Kevin Garnett,28.0,MIN,408.0,620.0,0.658,34.0,,,82.0,38.1,22.2,13.5,5.7,1.5,1.4,0.502,0.24,0.811,16.1,0.248,2005
9,2nd,C,Amar'e Stoudemire,22.0,PHO,367.0,620.0,0.592,9.0,,,80.0,36.1,26.0,8.9,1.6,1.0,1.6,0.559,0.188,0.733,14.6,0.243,2005
10,2nd,G,Ray Allen,29.0,SEA,177.0,620.0,0.285,1.0,,,78.0,39.3,23.9,4.4,3.7,1.1,0.1,0.428,0.376,0.883,10.7,0.168,2005
12,3rd,F,Tracy McGrady,25.0,HOU,264.0,620.0,0.426,15.0,,,78.0,40.8,25.7,6.2,5.7,1.7,0.7,0.431,0.326,0.774,12.0,0.18,2005
13,3rd,F,Shawn Marion,26.0,PHO,134.0,620.0,0.216,0.0,,,81.0,38.8,19.4,11.3,1.9,2.0,1.5,0.476,0.334,0.833,12.5,0.191,2005
14,3rd,G,Kobe Bryant,26.0,LAL,108.0,620.0,0.174,1.0,,,66.0,40.7,27.6,5.9,6.0,1.3,0.8,0.433,0.339,0.816,8.1,0.145,2005
15,3rd,C,Ben Wallace,30.0,DET,105.0,620.0,0.169,0.0,,,74.0,36.1,9.7,12.2,1.7,1.4,2.4,0.453,0.111,0.428,8.5,0.153,2005
16,3rd,G,Gilbert Arenas,23.0,WAS,104.0,620.0,0.168,1.0,,,80.0,40.9,25.5,4.7,5.1,1.7,0.3,0.431,0.365,0.814,11.5,0.169,2005
18,ORV,C,Yao Ming,24.0,HOU,82.0,620.0,0.132,0.0,,,80.0,30.6,18.3,8.4,0.8,0.4,2.0,0.552,,0.783,10.7,0.21,2005
19,ORV,F,Vince Carter,28.0,TOT,63.0,620.0,0.102,0.0,,,77.0,36.7,24.5,5.2,4.2,1.4,0.6,0.452,0.406,0.798,9.4,0.159,2005
20,ORV,G,Jason Kidd,31.0,NJN,16.0,620.0,0.026,0.0,,,66.0,36.9,14.4,7.4,8.3,1.9,0.1,0.398,0.36,0.74,7.2,0.143,2005
21,ORV,F,Paul Pierce,27.0,BOS,15.0,620.0,0.024,0.0,,,82.0,36.1,21.6,6.6,4.2,1.6,0.5,0.455,0.37,0.822,11.2,0.182,2005
22,ORV,C,Marcus Camby,30.0,DEN,14.0,620.0,0.023,0.0,,,66.0,30.5,10.3,10.0,2.3,0.9,3.0,0.465,0.0,0.723,5.8,0.138,2005
23,ORV,F,Rashard Lewis,25.0,SEA,13.0,620.0,0.021,0.0,,,71.0,38.0,20.5,5.5,1.3,1.1,0.9,0.462,0.4,0.777,8.4,0.15,2005
24,ORV,G,Manu Ginóbili,27.0,SAS,12.0,620.0,0.019,0.0,,,74.0,29.6,16.0,4.4,3.9,1.6,0.4,0.471,0.376,0.803,11.0,0.24,2005
25,ORV,C,Zydrunas Ilgauskas,29.0,CLE,11.0,620.0,0.018,0.0,,,78.0,33.5,16.9,8.6,1.3,0.7,2.1,0.468,0.286,0.799,8.1,0.149,2005
26,ORV,C,Jermaine O'Neal,26.0,IND,8.0,620.0,0.013,0.0,,,44.0,34.8,24.3,8.8,1.9,0.6,2.0,0.452,0.167,0.754,3.8,0.118,2005
27,ORV,G,Tony Parker,22.0,SAS,7.0,620.0,0.011,0.0,,,80.0,34.2,16.6,3.7,6.1,1.2,0.1,0.482,0.276,0.65,8.1,0.141,2005
28,ORV,G,Mike Bibby,26.0,SAC,6.0,620.0,0.01,0.0,,,80.0,38.6,19.6,4.2,6.8,1.6,0.4,0.443,0.36,0.775,8.5,0.133,2005
29,ORV,F,Elton Brand,25.0,LAC,6.0,620.0,0.01,0.0,,,81.0,37.0,20.0,9.5,2.6,0.8,2.1,0.503,0.0,0.752,10.6,0.169,2005
30,ORV,F,Grant Hill,32.0,ORL,6.0,620.0,0.01,0.0,,,67.0,34.9,19.7,4.7,3.3,1.4,0.4,0.509,0.231,0.821,6.6,0.136,2005
31,ORV,F,Carmelo Anthony,20.0,DEN,5.0,620.0,0.008,0.0,,,75.0,34.8,20.8,5.7,2.6,0.9,0.4,0.431,0.266,0.796,4.9,0.09,2005
32,ORV,F,Antawn Jamison,28.0,WAS,5.0,620.0,0.008,0.0,,,68.0,38.3,19.6,7.6,2.3,0.8,0.2,0.437,0.341,0.76,5.4,0.1,2005
33,ORV,G,Richard Hamilton,26.0,DET,3.0,620.0,0.005,0.0,,,76.0,38.5,18.7,3.9,4.9,1.0,0.2,0.44,0.305,0.858,7.4,0.121,2005
34,ORV,F,Tayshaun Prince,24.0,DET,3.0,620.0,0.005,0.0,,,82.0,37.1,14.7,5.3,3.0,0.7,0.9,0.487,0.341,0.807,9.4,0.149,2005
35,ORV,G,Chauncey Billups,28.0,DET,2.0,620.0,0.003,0.0,0.0,2.0,80.0,35.8,16.5,3.4,5.8,1.0,0.1,0.442,0.426,0.898,12.1,0.202,2005
36,ORV,F,Chris Bosh,20.0,TOR,2.0,620.0,0.003,0.0,0.0,2.0,81.0,37.2,16.8,8.9,1.9,0.9,1.4,0.471,0.3,0.76,6.8,0.108,2005
37,ORV,G,Stephon Marbury,27.0,NYK,2.0,620.0,0.003,0.0,0.0,2.0,82.0,40.0,21.7,3.0,8.1,1.5,0.1,0.462,0.354,0.834,11.7,0.171,2005
38,ORV,G,Reggie Miller,39.0,IND,2.0,620.0,0.003,0.0,0.0,2.0,66.0,31.9,14.8,2.4,2.2,0.8,0.1,0.437,0.322,0.933,6.6,0.151,2005
39,ORV,G,Michael Redd,25.0,MIL,2.0,620.0,0.003,0.0,0.0,2.0,75.0,38.0,23.0,4.2,2.3,0.8,0.1,0.441,0.355,0.854,6.2,0.105,2005
40,ORV,G,Larry Hughes,26.0,WAS,1.0,620.0,0.002,0.0,0.0,1.0,61.0,38.7,22.0,6.3,4.7,2.9,0.3,0.43,0.282,0.777,7.7,0.157,2005
41,ORV,G,Corey Maggette,25.0,LAC,1.0,620.0,0.002,0.0,0.0,1.0,66.0,36.9,22.2,6.0,3.4,1.1,0.1,0.431,0.304,0.857,8.1,0.16,2005
42,ORV,F,Kenyon Martin,27.0,DEN,1.0,620.0,0.002,0.0,0.0,1.0,70.0,32.5,15.5,7.3,2.4,1.4,1.1,0.49,0.0,0.646,5.3,0.111,2005
43,ORV,C,Brad Miller,28.0,SAC,1.0,620.0,0.002,0.0,0.0,1.0,56.0,37.3,15.6,9.3,3.9,1.2,1.2,0.524,0.263,0.812,8.6,0.198,2005
44,ORV,F,Peja Stojaković,27.0,SAC,1.0,620.0,0.002,0.0,0.0,1.0,66.0,38.4,20.1,4.3,2.1,1.2,0.2,0.444,0.402,0.92,7.3,0.137,2005
0,1st,F,LeBron James,21.0,CLE,610.0,630.0,0.968,116.0,,,79.0,42.5,31.4,7.0,6.6,1.6,0.8,0.48,0.335,0.738,16.3,0.232,2006
1,1st,G,Kobe Bryant,27.0,LAL,597.0,630.0,0.948,110.0,,,80.0,41.0,35.4,5.3,4.5,1.8,0.4,0.45,0.347,0.85,15.3,0.224,2006
2,1st,F,Dirk Nowitzki,27.0,DAL,584.0,630.0,0.927,105.0,,,81.0,38.1,26.6,9.0,2.8,0.7,1.0,0.48,0.406,0.901,17.7,0.275,2006
3,1st,G,Steve Nash,31.0,PHO,583.0,630.0,0.925,106.0,,,79.0,35.4,18.8,4.2,10.5,0.8,0.2,0.512,0.439,0.921,12.4,0.212,2006
4,1st,C,Shaquille O'Neal,33.0,MIA,402.0,630.0,0.638,45.0,,,59.0,30.6,20.0,9.2,1.9,0.4,1.8,0.6,,0.469,6.2,0.164,2006
6,2nd,G,Chauncey Billups,29.0,DET,378.0,630.0,0.6,21.0,,,81.0,36.1,18.5,3.1,8.6,0.9,0.1,0.418,0.433,0.894,15.5,0.254,2006
7,2nd,G,Dwyane Wade,24.0,MIA,373.0,630.0,0.592,13.0,,,75.0,38.6,27.2,5.7,6.7,1.9,0.8,0.495,0.171,0.783,14.4,0.239,2006
8,2nd,C,Ben Wallace,31.0,DET,363.0,630.0,0.576,44.0,,,82.0,35.2,7.3,11.3,1.9,1.8,2.2,0.51,0.0,0.416,10.1,0.168,2006
9,2nd,F,Elton Brand,26.0,LAC,309.0,630.0,0.49,15.0,,,79.0,39.2,24.7,10.0,2.6,1.0,2.5,0.527,0.333,0.775,14.8,0.229,2006
10,2nd,F,Tim Duncan,29.0,SAS,277.0,630.0,0.44,17.0,,,80.0,34.8,18.6,11.0,3.2,0.9,2.0,0.484,0.4,0.629,10.8,0.187,2006
12,3rd,F,Shawn Marion,27.0,PHO,270.0,630.0,0.429,4.0,,,81.0,40.3,21.8,11.8,1.8,2.0,1.7,0.525,0.331,0.809,14.6,0.214,2006
13,3rd,C,Yao Ming,25.0,HOU,261.0,630.0,0.414,30.0,,,57.0,34.2,22.3,10.2,1.5,0.5,1.6,0.519,0.0,0.853,8.6,0.211,2006
14,3rd,G,Allen Iverson,30.0,PHI,104.0,630.0,0.165,1.0,,,72.0,43.1,33.0,3.2,7.4,1.9,0.1,0.447,0.323,0.814,10.6,0.165,2006
15,3rd,F,Carmelo Anthony,21.0,DEN,97.0,630.0,0.154,0.0,,,80.0,36.8,26.5,4.9,2.7,1.1,0.5,0.481,0.243,0.808,9.4,0.153,2006
16,3rd,G,Gilbert Arenas,24.0,WAS,79.0,630.0,0.125,0.0,,,80.0,42.3,29.3,3.5,6.1,2.0,0.3,0.447,0.369,0.82,13.6,0.193,2006
18,ORV,F,Kevin Garnett,29.0,MIN,94.0,630.0,0.149,0.0,,,76.0,38.9,21.8,12.7,4.1,1.4,1.4,0.526,0.267,0.81,14.9,0.242,2006
19,ORV,G,Tony Parker,23.0,SAS,66.0,630.0,0.105,0.0,,,80.0,33.9,18.9,3.3,5.8,1.0,0.1,0.548,0.306,0.707,9.6,0.169,2006
20,ORV,C,Pau Gasol,25.0,MEM,49.0,630.0,0.078,0.0,,,80.0,39.2,20.4,8.9,4.6,0.6,1.9,0.503,0.25,0.689,12.0,0.184,2006
21,ORV,F,Vince Carter,29.0,NJN,47.0,630.0,0.075,0.0,,,79.0,36.8,24.2,5.8,4.3,1.2,0.7,0.43,0.341,0.799,9.3,0.153,2006
22,ORV,F,Paul Pierce,28.0,BOS,29.0,630.0,0.046,0.0,,,79.0,39.0,26.8,6.7,4.7,1.4,0.4,0.471,0.354,0.772,11.5,0.178,2006
23,ORV,G,Jason Kidd,32.0,NJN,20.0,630.0,0.032,0.0,,,80.0,37.2,13.3,7.3,8.4,1.9,0.4,0.404,0.352,0.795,10.1,0.163,2006
24,ORV,C,Dwight Howard,20.0,ORL,11.0,630.0,0.017,0.0,,,82.0,36.8,15.8,12.5,1.5,0.8,1.4,0.531,0.0,0.595,8.6,0.137,2006
25,ORV,C,Marcus Camby,31.0,DEN,9.0,630.0,0.014,0.0,,,56.0,33.2,12.8,11.9,2.1,1.4,3.3,0.465,0.091,0.712,5.5,0.141,2006
26,ORV,G,Richard Hamilton,27.0,DET,9.0,630.0,0.014,0.0,,,80.0,35.3,20.1,3.2,3.4,0.7,0.2,0.491,0.458,0.845,7.6,0.13,2006
27,ORV,F,Rasheed Wallace,31.0,DET,8.0,630.0,0.013,1.0,,,80.0,34.8,15.1,6.8,2.3,1.0,1.6,0.43,0.357,0.743,8.9,0.154,2006
28,ORV,C,Zydrunas Ilgauskas,30.0,CLE,5.0,630.0,0.008,0.0,,,78.0,29.3,15.6,7.6,1.2,0.5,1.7,0.506,0.0,0.834,8.7,0.184,2006
29,ORV,C,Nenad Krstić,22.0,NJN,5.0,630.0,0.008,0.0,,,80.0,30.9,13.5,6.4,1.1,0.4,0.8,0.507,0.25,0.698,5.4,0.105,2006
30,ORV,G,Ray Allen,30.0,SEA,4.0,630.0,0.006,0.0,,,78.0,38.7,25.1,4.3,3.7,1.3,0.2,0.454,0.412,0.903,9.5,0.15,2006
31,ORV,C,Mehmet Okur,26.0,UTA,4.0,630.0,0.006,0.0,,,82.0,35.9,18.0,9.1,2.4,0.5,0.9,0.46,0.342,0.78,9.3,0.152,2006
32,ORV,G,Michael Redd,26.0,MIL,4.0,630.0,0.006,0.0,,,80.0,39.1,25.4,4.3,2.9,1.2,0.1,0.45,0.395,0.877,10.8,0.166,2006
33,ORV,C,Brad Miller,29.0,SAC,3.0,630.0,0.005,0.0,,,79.0,37.0,15.0,7.8,4.7,0.8,0.8,0.495,0.386,0.828,9.1,0.15,2006
34,ORV,G,Sam Cassell,36.0,LAC,2.0,630.0,0.003,0.0,0.0,2.0,78.0,34.0,17.2,3.7,6.3,0.9,0.1,0.443,0.368,0.863,7.6,0.137,2006
35,ORV,G,Joe Johnson,24.0,ATL,2.0,630.0,0.003,0.0,0.0,2.0,82.0,40.7,20.2,4.1,6.5,1.3,0.4,0.453,0.356,0.791,6.0,0.086,2006
36,ORV,G,Mike Bibby,27.0,SAC,1.0,630.0,0.002,0.0,0.0,1.0,82.0,38.6,21.1,2.9,5.4,1.0,0.1,0.432,0.386,0.849,8.4,0.127,2006
37,ORV,F,Chris Bosh,21.0,TOR,1.0,630.0,0.002,0.0,0.0,1.0,70.0,39.3,22.5,9.2,2.6,0.7,1.1,0.505,0.0,0.816,9.8,0.17,2006
38,ORV,F,Boris Diaw,23.0,PHO,1.0,630.0,0.002,0.0,0.0,1.0,81.0,35.5,13.3,6.9,6.2,0.7,1.0,0.526,0.267,0.731,8.9,0.149,2006
39,ORV,F,Antawn Jamison,29.0,WAS,1.0,630.0,0.002,0.0,0.0,1.0,82.0,40.1,20.5,9.3,1.9,1.1,0.1,0.442,0.394,0.731,8.2,0.119,2006
40,ORV,C,Chris Kaman,23.0,LAC,1.0,630.0,0.002,0.0,0.0,1.0,78.0,32.8,11.9,9.6,1.0,0.6,1.4,0.523,0.0,0.77,6.1,0.114,2006
41,ORV,F,Andrei Kirilenko,24.0,UTA,1.0,630.0,0.002,0.0,0.0,1.0,69.0,37.7,15.3,8.0,4.3,1.5,3.2,0.46,0.308,0.699,7.9,0.145,2006
42,ORV,G,Chris Paul,20.0,NOK,1.0,630.0,0.002,0.0,0.0,1.0,78.0,36.0,16.1,5.1,7.8,2.2,0.1,0.43,0.282,0.847,10.4,0.178,2006
0,1st,G,Steve Nash,32.0,PHO,645.0,645.0,1.0,129.0,0.0,0.0,76.0,35.3,18.6,3.5,11.6,0.8,0.1,0.532,0.455,0.899,12.6,0.225,2007
1,1st,G,Kobe Bryant,28.0,LAL,643.0,645.0,0.997,128.0,1.0,0.0,77.0,40.8,31.6,5.7,5.4,1.4,0.5,0.463,0.344,0.868,13.0,0.199,2007
2,1st,F,Dirk Nowitzki,28.0,DAL,634.0,645.0,0.983,125.0,,,78.0,36.2,24.6,8.9,3.4,0.7,0.8,0.502,0.416,0.904,16.3,0.278,2007
3,1st,F,Tim Duncan,30.0,SAS,573.0,645.0,0.888,94.0,,,80.0,34.1,20.0,10.6,3.4,0.8,2.4,0.546,0.111,0.637,13.0,0.23,2007
4,1st,C,Amar'e Stoudemire,24.0,PHO,351.0,645.0,0.544,36.0,,,82.0,32.8,20.4,9.6,1.0,1.0,1.3,0.575,0.0,0.781,11.2,0.201,2007
6,2nd,F,LeBron James,22.0,CLE,494.0,645.0,0.766,64.0,,,78.0,40.9,27.3,6.7,6.0,1.6,0.7,0.476,0.319,0.698,13.7,0.206,2007
7,2nd,C,Yao Ming,26.0,HOU,333.0,645.0,0.516,38.0,,,48.0,33.8,25.0,9.4,2.0,0.4,2.0,0.516,0.0,0.862,7.4,0.22,2007
8,2nd,G,Gilbert Arenas,25.0,WAS,295.0,645.0,0.457,0.0,,,74.0,39.8,28.4,4.6,6.0,1.9,0.2,0.418,0.351,0.844,10.8,0.177,2007
9,2nd,G,Tracy McGrady,27.0,HOU,278.0,645.0,0.431,10.0,,,71.0,35.8,24.6,5.3,6.5,1.3,0.5,0.431,0.331,0.707,8.6,0.163,2007
10,2nd,F,Chris Bosh,22.0,TOR,234.0,645.0,0.363,8.0,,,69.0,38.5,22.6,10.7,2.5,0.6,1.3,0.496,0.343,0.785,9.6,0.174,2007
12,3rd,G,Dwyane Wade,25.0,MIA,241.0,645.0,0.374,1.0,,,51.0,37.9,27.4,4.7,7.5,2.1,1.2,0.491,0.266,0.807,8.8,0.219,2007
13,3rd,F,Kevin Garnett,30.0,MIN,225.0,645.0,0.349,5.0,,,76.0,39.4,22.4,12.8,4.1,1.2,1.7,0.476,0.214,0.835,10.7,0.171,2007
14,3rd,F,Carmelo Anthony,22.0,DEN,142.0,645.0,0.22,1.0,,,65.0,38.2,28.9,6.0,3.8,1.2,0.4,0.476,0.268,0.808,7.3,0.14,2007
15,3rd,C,Dwight Howard,21.0,ORL,108.0,645.0,0.167,1.0,,,82.0,36.9,17.6,12.3,1.9,0.9,1.9,0.603,0.5,0.586,9.7,0.154,2007
16,3rd,G,Chauncey Billups,30.0,DET,86.0,645.0,0.133,0.0,,,70.0,36.2,17.0,3.4,7.2,1.2,0.2,0.427,0.345,0.883,11.4,0.216,2007
18,ORV,F,Carlos Boozer,25.0,UTA,127.0,645.0,0.197,0.0,,,74.0,34.6,20.9,11.7,3.0,0.9,0.3,0.561,,0.685,9.9,0.185,2007
19,ORV,C,Shaquille O'Neal,34.0,MIA,70.0,645.0,0.109,3.0,,,40.0,28.4,17.3,7.4,2.0,0.2,1.4,0.591,,0.422,2.8,0.119,2007
20,ORV,G,Jason Kidd,33.0,NJN,58.0,645.0,0.09,0.0,,,80.0,36.7,13.0,8.2,9.2,1.6,0.3,0.406,0.343,0.778,9.3,0.152,2007
21,ORV,C,Marcus Camby,32.0,DEN,42.0,645.0,0.065,2.0,,,70.0,33.8,11.2,11.7,3.2,1.2,3.3,0.473,0.0,0.729,7.6,0.155,2007
22,ORV,F,Shawn Marion,28.0,PHO,41.0,645.0,0.064,0.0,,,80.0,37.6,17.5,9.8,1.7,2.0,1.5,0.524,0.317,0.81,12.0,0.191,2007
23,ORV,G,Allen Iverson,31.0,TOT,39.0,645.0,0.06,0.0,,,65.0,42.5,26.3,3.0,7.2,1.9,0.2,0.442,0.315,0.795,6.2,0.108,2007
24,ORV,G,Tony Parker,24.0,SAS,39.0,645.0,0.06,0.0,,,77.0,32.5,18.6,3.2,5.5,1.1,0.1,0.52,0.395,0.783,9.6,0.185,2007
25,ORV,F,Vince Carter,30.0,NJN,15.0,645.0,0.023,0.0,,,82.0,38.1,25.2,6.0,4.8,1.0,0.4,0.454,0.357,0.802,10.5,0.161,2007
26,ORV,G,Deron Williams,22.0,UTA,15.0,645.0,0.023,0.0,,,80.0,36.9,16.2,3.3,9.3,1.0,0.2,0.456,0.322,0.767,7.2,0.117,2007
27,ORV,F,Josh Howard,26.0,DAL,11.0,645.0,0.017,0.0,,,70.0,35.1,18.9,6.8,1.8,1.2,0.8,0.459,0.385,0.827,8.8,0.173,2007
28,ORV,F,Elton Brand,27.0,LAC,8.0,645.0,0.012,0.0,,,80.0,38.5,20.5,9.3,2.9,1.0,2.2,0.533,1.0,0.761,11.5,0.18,2007
29,ORV,F,Mehmet Okur,27.0,UTA,7.0,645.0,0.011,0.0,,,80.0,33.3,17.6,7.2,2.0,0.5,0.5,0.462,0.384,0.765,8.8,0.158,2007
30,ORV,G,Baron Davis,27.0,GSW,6.0,645.0,0.009,0.0,,,63.0,35.3,20.1,4.4,8.1,2.1,0.5,0.439,0.304,0.745,6.4,0.139,2007
31,ORV,G,Michael Redd,27.0,MIL,6.0,645.0,0.009,0.0,,,53.0,38.4,26.7,3.7,2.3,1.2,0.2,0.465,0.382,0.829,6.1,0.145,2007
32,ORV,G,Ray Allen,31.0,SEA,5.0,645.0,0.008,0.0,,,55.0,40.3,26.4,4.5,4.1,1.5,0.2,0.438,0.372,0.903,6.3,0.136,2007
33,ORV,G,Richard Hamilton,28.0,DET,4.0,645.0,0.006,0.0,,,75.0,36.8,19.8,3.8,3.8,0.8,0.2,0.468,0.341,0.861,8.1,0.141,2007
34,ORV,G,Ben Gordon,23.0,CHI,3.0,645.0,0.005,0.0,,,82.0,33.0,21.4,3.1,3.6,0.8,0.2,0.455,0.413,0.864,8.6,0.152,2007
35,ORV,G,Joe Johnson,25.0,ATL,3.0,645.0,0.005,0.0,,,57.0,41.4,25.0,4.2,4.4,1.1,0.2,0.471,0.381,0.748,5.1,0.105,2007
36,ORV,G,Chris Paul,21.0,NOK,3.0,645.0,0.005,0.0,,,64.0,36.8,17.3,4.4,8.9,1.8,0.0,0.437,0.35,0.818,8.8,0.179,2007
37,ORV,C,Eddy Curry,24.0,NYK,2.0,645.0,0.003,0.0,0.0,2.0,81.0,35.2,19.5,7.0,0.8,0.4,0.5,0.576,1.0,0.615,4.7,0.079,2007
38,ORV,F,Paul Pierce,29.0,BOS,2.0,645.0,0.003,0.0,0.0,2.0,47.0,37.0,25.0,5.9,4.1,1.0,0.3,0.439,0.389,0.796,5.4,0.148,2007
39,ORV,G,Jason Terry,29.0,DAL,2.0,645.0,0.003,0.0,0.0,2.0,81.0,35.1,16.7,2.9,5.2,1.0,0.2,0.484,0.438,0.804,10.8,0.182,2007
40,ORV,C,Ben Wallace,32.0,CHI,2.0,645.0,0.003,0.0,0.0,2.0,77.0,35.0,6.4,10.7,2.4,1.4,2.0,0.453,0.2,0.408,8.2,0.146,2007
41,ORV,C,Tyson Chandler,24.0,NOK,1.0,645.0,0.002,0.0,0.0,1.0,73.0,34.6,9.5,12.4,0.9,0.5,1.8,0.624,0.0,0.527,7.9,0.15,2007
42,ORV,F,Luol Deng,21.0,CHI,1.0,645.0,0.002,0.0,0.0,1.0,82.0,37.5,18.8,7.1,2.5,1.2,0.6,0.517,0.143,0.777,11.3,0.176,2007
43,ORV,C,Pau Gasol,26.0,MEM,1.0,645.0,0.002,0.0,0.0,1.0,59.0,36.2,20.8,9.8,3.4,0.5,2.1,0.538,0.273,0.748,6.9,0.155,2007
44,ORV,G,Manu Ginóbili,29.0,SAS,1.0,645.0,0.002,0.0,0.0,1.0,75.0,27.5,16.5,4.4,3.5,1.5,0.4,0.464,0.396,0.86,10.6,0.246,2007
45,ORV,C,Jermaine O'Neal,28.0,IND,1.0,645.0,0.002,0.0,0.0,1.0,69.0,35.6,19.4,9.6,2.4,0.7,2.6,0.436,0.0,0.767,4.7,0.091,2007
46,ORV,F,Chris Webber,33.0,TOT,1.0,645.0,0.002,0.0,0.0,1.0,61.0,29.9,11.2,7.2,3.1,1.0,0.7,0.452,0.364,0.638,3.4,0.09,2007
0,1st,G,Kobe Bryant,29.0,LAL,635.0,635.0,1.0,127.0,0.0,0.0,82.0,38.9,28.3,6.3,5.4,1.8,0.5,0.459,0.361,0.84,13.8,0.208,2008
1,1st,G,Chris Paul,22.0,NOH,629.0,635.0,0.991,124.0,,,80.0,37.6,21.1,4.0,11.6,2.7,0.1,0.488,0.369,0.851,17.8,0.284,2008
2,1st,F,Kevin Garnett,31.0,BOS,612.0,635.0,0.964,118.0,,,71.0,32.8,18.8,9.2,3.4,1.4,1.3,0.539,0.0,0.801,12.9,0.265,2008
3,1st,F,LeBron James,23.0,CLE,610.0,635.0,0.961,117.0,,,75.0,40.4,30.0,7.9,7.2,1.8,1.1,0.484,0.315,0.712,15.2,0.242,2008
4,1st,C,Dwight Howard,22.0,ORL,546.0,635.0,0.86,86.0,,,82.0,37.7,20.7,14.2,1.3,0.9,2.1,0.599,0.0,0.59,12.9,0.2,2008
6,2nd,C,Amar'e Stoudemire,25.0,PHO,412.0,635.0,0.649,30.0,,,79.0,33.9,25.2,9.1,1.5,0.8,2.1,0.59,0.161,0.805,14.6,0.262,2008
7,2nd,F,Tim Duncan,31.0,SAS,397.0,635.0,0.625,25.0,,,78.0,34.0,19.3,11.3,2.8,0.7,1.9,0.497,0.0,0.73,11.1,0.201,2008
8,2nd,G,Steve Nash,33.0,PHO,311.0,635.0,0.49,2.0,,,81.0,34.3,16.9,3.5,11.1,0.7,0.1,0.504,0.47,0.906,10.5,0.181,2008
9,2nd,G,Deron Williams,23.0,UTA,228.0,635.0,0.359,0.0,,,82.0,37.3,18.8,3.0,10.5,1.1,0.3,0.507,0.395,0.803,11.3,0.177,2008
10,2nd,F,Dirk Nowitzki,29.0,DAL,189.0,635.0,0.298,1.0,,,77.0,36.0,23.6,8.6,3.5,0.7,0.9,0.479,0.359,0.879,12.9,0.223,2008
12,3rd,F,Carlos Boozer,26.0,UTA,174.0,635.0,0.274,0.0,,,81.0,34.9,21.1,10.4,2.9,1.2,0.5,0.547,0.0,0.738,10.2,0.173,2008
13,3rd,F,Paul Pierce,30.0,BOS,151.0,635.0,0.238,2.0,,,80.0,35.9,19.6,5.1,4.5,1.3,0.5,0.464,0.392,0.843,12.4,0.207,2008
14,3rd,G,Tracy McGrady,28.0,HOU,137.0,635.0,0.216,1.0,,,66.0,37.0,21.6,5.1,5.9,1.0,0.5,0.419,0.292,0.684,5.8,0.115,2008
15,3rd,G,Manu Ginóbili,30.0,SAS,123.0,635.0,0.194,0.0,,,74.0,31.1,19.5,4.8,4.5,1.5,0.4,0.46,0.401,0.86,11.1,0.232,2008
16,3rd,C,Yao Ming,27.0,HOU,71.0,635.0,0.112,2.0,,,55.0,37.2,22.0,10.8,2.3,0.5,2.0,0.507,0.0,0.85,8.3,0.196,2008
18,ORV,G,Allen Iverson,32.0,DEN,116.0,635.0,0.183,0.0,,,82.0,41.8,26.4,3.0,7.1,2.0,0.1,0.458,0.345,0.809,11.6,0.163,2008
19,ORV,F,Carmelo Anthony,23.0,DEN,89.0,635.0,0.14,0.0,,,77.0,36.4,25.7,7.4,3.4,1.3,0.5,0.492,0.354,0.786,8.2,0.14,2008
20,ORV,C,Marcus Camby,33.0,DEN,59.0,635.0,0.093,0.0,,,79.0,34.9,9.1,13.1,3.3,1.1,3.6,0.45,0.3,0.708,8.5,0.148,2008
21,ORV,G,Chauncey Billups,31.0,DET,38.0,635.0,0.06,0.0,,,78.0,32.3,17.0,2.7,6.8,1.3,0.2,0.448,0.401,0.918,13.5,0.257,2008
22,ORV,G,Baron Davis,28.0,GSW,32.0,635.0,0.05,0.0,,,82.0,39.0,21.8,4.7,7.6,2.3,0.5,0.426,0.33,0.75,8.7,0.131,2008
23,ORV,F,David West,27.0,NOH,24.0,635.0,0.038,0.0,,,76.0,37.8,20.6,8.9,2.3,0.8,1.3,0.482,0.24,0.85,8.4,0.14,2008
24,ORV,F,Rasheed Wallace,33.0,DET,22.0,635.0,0.035,0.0,,,77.0,30.5,12.7,6.6,1.8,1.2,1.7,0.432,0.356,0.767,7.6,0.155,2008
25,ORV,C,Tyson Chandler,25.0,NOH,18.0,635.0,0.028,0.0,,,79.0,35.2,11.8,11.7,1.0,0.6,1.1,0.623,0.0,0.593,10.0,0.172,2008
26,ORV,F,Antawn Jamison,31.0,WAS,15.0,635.0,0.024,0.0,,,79.0,38.7,21.4,10.2,1.5,1.3,0.4,0.436,0.339,0.76,9.2,0.144,2008
27,ORV,C,Al Jefferson,23.0,MIN,14.0,635.0,0.022,0.0,,,82.0,35.6,21.0,11.1,1.4,0.9,1.5,0.5,0.0,0.721,7.7,0.127,2008
28,ORV,F,Chris Bosh,23.0,TOR,11.0,635.0,0.017,0.0,,,67.0,36.2,22.3,8.7,2.6,0.9,1.0,0.494,0.4,0.844,10.1,0.2,2008
29,ORV,G,Joe Johnson,26.0,ATL,8.0,635.0,0.013,0.0,,,82.0,40.8,21.7,4.5,5.8,1.0,0.2,0.432,0.381,0.834,7.0,0.1,2008
30,ORV,G,Andre Miller,31.0,PHI,7.0,635.0,0.011,0.0,,,82.0,36.8,17.0,4.0,6.9,1.3,0.1,0.492,0.088,0.772,8.3,0.131,2008
31,ORV,F,Caron Butler,27.0,WAS,5.0,635.0,0.008,0.0,,,58.0,39.9,20.3,6.7,4.9,2.2,0.3,0.466,0.357,0.901,7.2,0.15,2008
32,ORV,F,Pau Gasol,27.0,TOT,5.0,635.0,0.008,0.0,,,66.0,35.6,18.9,8.4,3.2,0.5,1.5,0.534,0.25,0.807,8.4,0.172,2008
33,ORV,C,Shaquille O'Neal,35.0,TOT,5.0,635.0,0.008,0.0,,,61.0,28.7,13.6,9.1,1.5,0.5,1.4,0.593,,0.503,2.8,0.078,2008
34,ORV,G,Ray Allen,32.0,BOS,4.0,635.0,0.006,0.0,,,73.0,35.9,17.4,3.7,3.1,0.9,0.2,0.445,0.398,0.907,9.7,0.177,2008
35,ORV,G,Kevin Martin,24.0,SAC,4.0,635.0,0.006,0.0,,,61.0,36.3,23.7,4.5,2.1,1.0,0.1,0.456,0.402,0.869,8.4,0.183,2008
36,ORV,F,Hedo Türkoğlu,28.0,ORL,3.0,635.0,0.005,0.0,,,82.0,36.9,19.5,5.7,5.0,0.9,0.3,0.456,0.4,0.829,9.0,0.143,2008
37,ORV,G,Richard Hamilton,29.0,DET,2.0,635.0,0.003,0.0,0.0,2.0,72.0,33.7,17.3,3.3,4.2,1.0,0.1,0.484,0.44,0.833,7.7,0.152,2008
38,ORV,F,Josh Howard,27.0,DAL,2.0,635.0,0.003,0.0,0.0,2.0,76.0,36.3,19.9,7.0,2.2,0.8,0.4,0.455,0.319,0.813,8.0,0.14,2008
39,ORV,G,Jason Kidd,34.0,TOT,2.0,635.0,0.003,0.0,0.0,2.0,80.0,36.3,10.8,7.5,10.1,1.7,0.3,0.385,0.381,0.818,5.9,0.097,2008
40,ORV,F,Andre Iguodala,24.0,PHI,1.0,635.0,0.002,0.0,0.0,1.0,82.0,39.5,19.9,5.4,4.8,2.1,0.6,0.456,0.329,0.721,9.6,0.143,2008
41,ORV,G,Tony Parker,25.0,SAS,1.0,635.0,0.002,0.0,0.0,1.0,69.0,33.5,18.8,3.2,6.0,0.8,0.1,0.494,0.258,0.715,7.0,0.146,2008
42,ORV,F,Tayshaun Prince,27.0,DET,1.0,635.0,0.002,0.0,0.0,1.0,82.0,32.9,13.2,4.9,3.3,0.5,0.4,0.448,0.363,0.768,7.5,0.133,2008
43,ORV,G,Michael Redd,28.0,MIL,1.0,635.0,0.002,0.0,0.0,1.0,72.0,37.5,22.7,4.3,3.4,0.9,0.2,0.442,0.362,0.82,5.8,0.104,2008
44,ORV,G,Brandon Roy,23.0,POR,1.0,635.0,0.002,0.0,0.0,1.0,74.0,37.7,19.1,4.7,5.8,1.1,0.2,0.454,0.34,0.753,8.0,0.138,2008
0,1st,F,LeBron James,24.0,CLE,610.0,610.0,1.0,122.0,0.0,0.0,81.0,37.7,28.4,7.6,7.2,1.7,1.1,0.489,0.344,0.78,20.3,0.318,2009
1,1st,G,Kobe Bryant,30.0,LAL,604.0,610.0,0.99,119.0,3.0,0.0,82.0,36.1,26.8,5.2,4.9,1.5,0.5,0.467,0.351,0.856,12.7,0.206,2009
2,1st,C,Dwight Howard,23.0,ORL,598.0,610.0,0.98,116.0,,,79.0,35.7,20.6,13.8,1.4,1.0,2.9,0.572,0.0,0.594,13.8,0.234,2009
3,1st,G,Dwyane Wade,27.0,MIA,572.0,610.0,0.938,103.0,,,79.0,38.6,30.2,5.0,7.5,2.2,1.3,0.491,0.317,0.765,14.7,0.232,2009
4,1st,F,Dirk Nowitzki,30.0,DAL,383.0,610.0,0.628,35.0,,,81.0,37.7,25.9,8.4,2.4,0.8,0.8,0.479,0.359,0.89,10.9,0.171,2009
6,2nd,G,Chris Paul,23.0,NOH,424.0,610.0,0.695,32.0,,,78.0,38.5,22.8,5.5,11.0,2.8,0.1,0.503,0.364,0.868,18.3,0.292,2009
7,2nd,F,Tim Duncan,32.0,SAS,378.0,610.0,0.62,39.0,,,75.0,33.7,19.3,10.7,3.5,0.5,1.7,0.504,0.0,0.692,10.1,0.191,2009
8,2nd,C,Yao Ming,28.0,HOU,354.0,610.0,0.58,8.0,,,77.0,33.6,19.7,9.9,1.8,0.4,1.9,0.548,1.0,0.866,10.6,0.196,2009
9,2nd,F,Paul Pierce,31.0,BOS,330.0,610.0,0.541,27.0,,,81.0,37.5,20.5,5.6,3.6,1.0,0.3,0.457,0.391,0.83,10.3,0.164,2009
10,2nd,G,Brandon Roy,24.0,POR,189.0,610.0,0.31,0.0,,,78.0,37.2,22.6,4.7,5.1,1.1,0.3,0.48,0.377,0.824,13.5,0.223,2009
12,3rd,F,Pau Gasol,28.0,LAL,165.0,610.0,0.27,2.0,,,81.0,37.0,18.9,9.6,3.5,0.6,1.0,0.567,0.5,0.781,13.9,0.223,2009
13,3rd,G,Tony Parker,26.0,SAS,158.0,610.0,0.259,1.0,,,72.0,34.1,22.0,3.1,6.9,0.9,0.1,0.506,0.292,0.782,8.6,0.168,2009
14,3rd,G,Chauncey Billups,32.0,TOT,131.0,610.0,0.215,0.0,,,79.0,35.3,17.7,3.0,6.4,1.2,0.2,0.418,0.408,0.913,10.1,0.174,2009
15,3rd,F,Carmelo Anthony,24.0,DEN,116.0,610.0,0.19,2.0,,,66.0,34.5,22.8,6.8,3.4,1.1,0.4,0.443,0.371,0.793,5.0,0.105,2009
16,3rd,C,Shaquille O'Neal,36.0,PHO,68.0,610.0,0.111,0.0,,,75.0,30.0,17.8,8.4,1.7,0.7,1.4,0.609,0.0,0.595,7.8,0.166,2009
18,ORV,G,Deron Williams,24.0,UTA,105.0,610.0,0.172,,,,68.0,36.8,19.4,2.9,10.7,1.1,0.3,0.471,0.31,0.849,8.4,0.16,2009
19,ORV,F,Kevin Garnett,32.0,BOS,72.0,610.0,0.118,,,,57.0,31.1,15.8,8.5,2.5,1.1,1.2,0.531,0.25,0.841,7.1,0.193,2009
20,ORV,F,Chris Bosh,24.0,TOR,56.0,610.0,0.092,,,,77.0,38.0,22.7,10.0,2.5,0.9,1.0,0.487,0.245,0.817,9.7,0.159,2009
21,ORV,G,Joe Johnson,27.0,ATL,36.0,610.0,0.059,,,,79.0,39.5,21.4,4.4,5.8,1.1,0.2,0.437,0.36,0.826,7.6,0.116,2009
22,ORV,F,Kevin Durant,20.0,OKC,34.0,610.0,0.056,,,,74.0,39.0,25.3,6.5,2.8,1.3,0.7,0.476,0.422,0.863,7.9,0.132,2009
23,ORV,F,Danny Granger,25.0,IND,25.0,610.0,0.041,,,,67.0,36.2,25.8,5.1,2.7,1.0,1.4,0.447,0.404,0.878,8.0,0.158,2009
24,ORV,F,David West,28.0,NOH,12.0,610.0,0.02,,,,76.0,39.2,21.0,8.5,2.3,0.6,0.9,0.472,0.24,0.884,7.8,0.125,2009
25,ORV,G,Mo Williams,26.0,CLE,10.0,610.0,0.016,,,,81.0,35.0,17.8,3.4,4.1,0.9,0.1,0.467,0.436,0.912,9.8,0.165,2009
26,ORV,C,Al Jefferson,24.0,MIN,8.0,610.0,0.013,,,,50.0,36.7,23.1,11.0,1.6,0.8,1.7,0.497,0.0,0.738,4.9,0.128,2009
27,ORV,F,Antawn Jamison,32.0,WAS,7.0,610.0,0.011,,,,81.0,38.2,22.2,8.9,1.9,1.2,0.3,0.468,0.351,0.754,8.1,0.126,2009
28,ORV,G,Steve Nash,34.0,PHO,7.0,610.0,0.011,,,,74.0,33.6,15.7,3.0,9.7,0.7,0.1,0.503,0.439,0.933,7.3,0.14,2009
29,ORV,G,Ray Allen,33.0,BOS,6.0,610.0,0.01,,,,79.0,36.4,18.2,3.5,2.8,0.9,0.2,0.48,0.409,0.952,11.1,0.186,2009
30,ORV,F,Nenê,26.0,DEN,6.0,610.0,0.01,,,,77.0,32.6,14.6,7.8,1.4,1.2,1.3,0.604,0.2,0.723,9.3,0.177,2009
31,ORV,G,Devin Harris,25.0,NJN,5.0,610.0,0.008,,,,69.0,36.1,21.3,3.3,6.9,1.7,0.2,0.438,0.291,0.82,7.5,0.145,2009
32,ORV,F,LaMarcus Aldridge,23.0,POR,4.0,610.0,0.007,,,,81.0,37.1,18.1,7.5,1.9,1.0,1.0,0.484,0.25,0.781,9.5,0.151,2009
33,ORV,F,David Lee,25.0,NYK,4.0,610.0,0.007,,,,81.0,34.9,16.0,11.7,2.1,1.0,0.3,0.549,0.0,0.755,9.0,0.154,2009
34,ORV,G,Rajon Rondo,22.0,BOS,2.0,610.0,0.003,0.0,0.0,2.0,80.0,33.0,11.9,5.2,8.2,1.9,0.1,0.505,0.313,0.642,9.9,0.179,2009
35,ORV,F,Carlos Boozer,27.0,UTA,1.0,610.0,0.002,0.0,0.0,1.0,37.0,32.4,16.2,10.4,2.1,1.1,0.2,0.49,,0.698,2.6,0.105,2009
36,ORV,F,Caron Butler,28.0,WAS,1.0,610.0,0.002,0.0,0.0,1.0,67.0,38.6,20.8,6.2,4.3,1.6,0.3,0.453,0.31,0.858,4.5,0.083,2009
37,ORV,F,Vince Carter,32.0,NJN,1.0,610.0,0.002,0.0,0.0,1.0,80.0,36.8,20.8,5.1,4.7,1.0,0.5,0.437,0.385,0.817,7.5,0.123,2009
38,ORV,F,Andre Iguodala,25.0,PHI,1.0,610.0,0.002,0.0,0.0,1.0,82.0,39.9,18.8,5.7,5.3,1.6,0.4,0.473,0.307,0.724,9.2,0.134,2009
39,ORV,G,Andre Miller,32.0,PHI,1.0,610.0,0.002,0.0,0.0,1.0,82.0,36.3,16.3,4.5,6.5,1.3,0.2,0.473,0.283,0.826,8.8,0.141,2009
40,ORV,F,Paul Millsap,23.0,UTA,1.0,610.0,0.002,0.0,0.0,1.0,76.0,30.1,13.5,8.6,1.8,1.0,1.0,0.534,0.0,0.699,7.7,0.162,2009
41,ORV,C,Jermaine O'Neal,30.0,TOT,1.0,610.0,0.002,0.0,0.0,1.0,68.0,29.8,13.3,6.4,1.8,0.4,2.0,0.474,0.0,0.788,2.6,0.06,2009
42,ORV,G,Derrick Rose,20.0,CHI,1.0,610.0,0.002,0.0,0.0,1.0,81.0,37.0,16.8,3.9,6.3,0.8,0.2,0.475,0.222,0.788,4.9,0.078,2009
43,ORV,F,Hedo Türkoğlu,29.0,ORL,1.0,610.0,0.002,0.0,0.0,1.0,77.0,36.6,16.8,5.3,4.9,0.8,0.2,0.413,0.356,0.807,7.3,0.125,2009
0,1st,C,Dwight Howard,24.0,ORL,610.0,610.0,1.0,122.0,0.0,0.0,82.0,34.7,18.3,13.2,1.8,0.9,2.8,0.612,0.0,0.592,13.2,0.223,2010
1,1st,F,LeBron James,25.0,CLE,610.0,610.0,1.0,122.0,0.0,0.0,76.0,39.0,29.7,7.3,8.6,1.6,1.0,0.503,0.333,0.767,18.5,0.299,2010
2,1st,G,Kobe Bryant,31.0,LAL,604.0,610.0,0.99,119.0,,,73.0,38.8,27.0,5.4,5.0,1.5,0.3,0.456,0.329,0.811,9.4,0.16,2010
3,1st,F,Kevin Durant,21.0,OKC,579.0,610.0,0.949,107.0,,,82.0,39.5,30.1,7.6,2.8,1.4,1.0,0.476,0.365,0.9,16.1,0.238,2010
4,1st,G,Dwyane Wade,28.0,MIA,520.0,610.0,0.852,81.0,,,77.0,36.3,26.6,4.8,6.5,1.8,1.1,0.476,0.3,0.761,13.0,0.224,2010
6,2nd,G,Steve Nash,35.0,PHO,366.0,610.0,0.6,24.0,,,81.0,32.8,16.5,3.3,11.0,0.5,0.1,0.507,0.426,0.938,9.9,0.178,2010
7,2nd,F,Dirk Nowitzki,31.0,DAL,356.0,610.0,0.584,10.0,,,81.0,37.5,25.0,7.7,2.7,0.9,1.0,0.481,0.421,0.915,12.3,0.194,2010
8,2nd,G,Deron Williams,25.0,UTA,343.0,610.0,0.562,14.0,,,76.0,36.9,18.7,4.0,10.5,1.3,0.2,0.469,0.371,0.801,10.3,0.177,2010
9,2nd,F,Carmelo Anthony,25.0,DEN,321.0,610.0,0.526,9.0,,,69.0,38.2,28.2,6.6,3.2,1.3,0.4,0.458,0.316,0.83,7.9,0.145,2010
10,2nd,C,Amar'e Stoudemire,27.0,PHO,239.0,610.0,0.392,2.0,,,82.0,34.6,23.1,8.9,1.0,0.6,1.0,0.557,0.167,0.771,10.7,0.181,2010
12,3rd,C,Andrew Bogut,25.0,MIL,149.0,610.0,0.244,0.0,,,69.0,32.3,15.9,10.2,1.8,0.6,2.5,0.52,0.0,0.629,7.5,0.161,2010
13,3rd,F,Tim Duncan,33.0,SAS,125.0,610.0,0.205,0.0,,,78.0,31.3,17.9,10.1,3.2,0.6,1.5,0.518,0.182,0.725,10.9,0.215,2010
14,3rd,G,Joe Johnson,28.0,ATL,118.0,610.0,0.193,0.0,,,76.0,38.0,21.3,4.6,4.9,1.1,0.1,0.458,0.369,0.818,8.4,0.14,2010
15,3rd,F,Pau Gasol,29.0,LAL,94.0,610.0,0.154,0.0,,,65.0,37.0,18.3,11.3,3.4,0.6,1.7,0.536,0.0,0.79,11.0,0.22,2010
16,3rd,G,Brandon Roy,25.0,POR,87.0,610.0,0.143,0.0,,,65.0,37.2,21.5,4.4,4.7,0.9,0.2,0.473,0.33,0.78,9.1,0.18,2010
18,ORV,C,Chris Bosh,25.0,TOR,80.0,610.0,0.131,0.0,,,70.0,36.1,24.0,10.8,2.4,0.6,1.0,0.518,0.364,0.797,9.6,0.182,2010
19,ORV,G,Rajon Rondo,23.0,BOS,47.0,610.0,0.077,0.0,,,81.0,36.6,13.7,4.4,9.8,2.3,0.1,0.508,0.213,0.621,9.6,0.156,2010
20,ORV,F,David Lee,26.0,NYK,43.0,610.0,0.07,0.0,,,81.0,37.3,20.2,11.7,3.6,1.0,0.5,0.545,0.0,0.812,10.3,0.163,2010
21,ORV,F,Carlos Boozer,28.0,UTA,33.0,610.0,0.054,0.0,,,78.0,34.3,19.5,11.2,3.2,1.1,0.5,0.562,,0.742,9.9,0.178,2010
22,ORV,G,Chauncey Billups,33.0,DEN,24.0,610.0,0.039,0.0,,,73.0,34.1,19.5,3.1,5.6,1.1,0.1,0.418,0.386,0.91,9.5,0.182,2010
23,ORV,F,Zach Randolph,28.0,MEM,20.0,610.0,0.033,0.0,,,81.0,37.7,20.8,11.7,1.8,1.0,0.4,0.488,0.288,0.778,9.7,0.153,2010
24,ORV,C,Al Horford,23.0,ATL,19.0,610.0,0.031,0.0,,,81.0,35.1,14.2,9.9,2.3,0.7,1.1,0.551,1.0,0.789,10.9,0.183,2010
25,ORV,G,Jason Kidd,36.0,DAL,18.0,610.0,0.03,0.0,,,80.0,36.0,10.3,5.6,9.1,1.8,0.4,0.423,0.425,0.808,8.9,0.148,2010
26,ORV,G,Derrick Rose,21.0,CHI,15.0,610.0,0.025,0.0,,,78.0,36.8,20.8,3.8,6.0,0.7,0.3,0.489,0.267,0.766,6.0,0.1,2010
27,ORV,G,Chris Paul,24.0,NOH,14.0,610.0,0.023,0.0,,,45.0,38.0,18.7,4.2,10.7,2.1,0.2,0.493,0.409,0.847,7.3,0.204,2010
28,ORV,G,Manu Ginóbili,32.0,SAS,13.0,610.0,0.021,0.0,,,75.0,28.7,16.5,3.8,4.9,1.4,0.3,0.441,0.377,0.87,9.7,0.216,2010
29,ORV,C,Chris Kaman,27.0,LAC,9.0,610.0,0.015,0.0,,,76.0,34.3,18.5,9.3,1.6,0.5,1.2,0.49,0.0,0.749,2.4,0.044,2010
30,ORV,C,Brook Lopez,21.0,NJN,6.0,610.0,0.01,0.0,,,82.0,36.9,18.8,8.6,2.3,0.7,1.7,0.499,0.0,0.817,7.9,0.125,2010
31,ORV,F,Paul Pierce,32.0,BOS,6.0,610.0,0.01,0.0,,,71.0,34.0,18.3,4.4,3.1,1.2,0.4,0.472,0.414,0.852,8.3,0.165,2010
32,ORV,F,Josh Smith,24.0,ATL,6.0,610.0,0.01,0.0,,,81.0,35.4,15.7,8.7,4.2,1.6,2.1,0.505,0.0,0.618,9.3,0.155,2010
33,ORV,F,Gerald Wallace,27.0,CHA,5.0,610.0,0.008,0.0,,,76.0,41.0,18.2,10.0,2.1,1.5,1.1,0.484,0.371,0.776,11.5,0.177,2010
34,ORV,C,Marcus Camby,35.0,TOT,3.0,610.0,0.005,0.0,,,74.0,31.3,7.5,11.8,2.5,1.3,2.0,0.475,0.286,0.639,6.8,0.142,2010
35,ORV,C,Andrew Bynum,22.0,LAL,2.0,610.0,0.003,0.0,0.0,2.0,65.0,30.4,15.0,8.3,1.0,0.5,1.4,0.57,0.0,0.739,7.8,0.188,2010
36,ORV,F,Danny Granger,26.0,IND,2.0,610.0,0.003,0.0,0.0,2.0,62.0,36.7,24.1,5.5,2.8,1.5,0.8,0.428,0.361,0.848,6.2,0.131,2010
37,ORV,F,Kevin Garnett,33.0,BOS,1.0,610.0,0.002,0.0,0.0,1.0,69.0,29.9,14.3,7.3,2.7,1.0,0.8,0.521,0.2,0.837,7.3,0.171,2010
38,ORV,G,Tony Parker,27.0,SAS,1.0,610.0,0.002,0.0,0.0,1.0,56.0,30.9,16.0,2.4,5.7,0.5,0.1,0.487,0.294,0.756,3.6,0.101,2010
39,ORV,F,David West,29.0,NOH,1.0,610.0,0.002,0.0,0.0,1.0,81.0,36.4,19.0,7.5,3.0,0.9,0.7,0.505,0.259,0.865,7.5,0.122,2010
40,ORV,G,Mo Williams,27.0,CLE,1.0,610.0,0.002,0.0,0.0,1.0,69.0,34.2,15.8,3.0,5.3,1.0,0.3,0.442,0.429,0.894,6.7,0.136,2010
0,1st,F,LeBron James,26.0,MIA,595.0,595.0,1.0,119.0,0.0,0.0,79.0,38.8,26.7,7.5,7.0,1.6,0.6,0.51,0.33,0.759,15.6,0.244,2011
1,1st,C,Dwight Howard,25.0,ORL,593.0,595.0,0.997,118.0,1.0,0.0,78.0,37.6,22.9,14.1,1.4,1.4,2.4,0.593,0.0,0.596,14.4,0.235,2011
2,1st,G,Derrick Rose,22.0,CHI,593.0,595.0,0.997,118.0,1.0,0.0,81.0,37.4,25.0,4.1,7.7,1.0,0.6,0.445,0.332,0.858,13.1,0.208,2011
3,1st,G,Kobe Bryant,32.0,LAL,551.0,595.0,0.926,98.0,,,82.0,33.9,25.3,5.1,4.7,1.2,0.1,0.451,0.323,0.828,10.3,0.178,2011
4,1st,F,Kevin Durant,22.0,OKC,492.0,595.0,0.827,69.0,,,78.0,38.9,27.7,6.8,2.7,1.1,1.0,0.462,0.35,0.88,12.0,0.189,2011
6,2nd,F,Dirk Nowitzki,32.0,DAL,437.0,595.0,0.734,47.0,,,73.0,34.3,23.0,7.0,2.6,0.5,0.6,0.517,0.393,0.892,11.1,0.213,2011
7,2nd,C,Amar'e Stoudemire,28.0,NYK,437.0,595.0,0.734,2.0,,,78.0,36.8,25.3,8.2,2.6,0.9,1.9,0.502,0.435,0.792,8.0,0.134,2011
8,2nd,G,Dwyane Wade,29.0,MIA,392.0,595.0,0.659,24.0,,,76.0,37.1,25.5,6.4,4.6,1.5,1.1,0.5,0.306,0.758,12.8,0.218,2011
9,2nd,F,Pau Gasol,30.0,LAL,259.0,595.0,0.435,2.0,,,82.0,37.0,18.8,10.2,3.3,0.6,1.6,0.529,0.333,0.823,14.7,0.232,2011
10,2nd,G,Russell Westbrook,22.0,OKC,184.0,595.0,0.309,0.0,,,82.0,34.7,21.9,4.6,8.2,1.9,0.4,0.442,0.33,0.842,9.4,0.159,2011
12,3rd,G,Chris Paul,25.0,NOH,157.0,595.0,0.264,0.0,,,80.0,36.0,15.9,4.1,9.8,2.4,0.1,0.463,0.388,0.878,13.9,0.232,2011
13,3rd,F,LaMarcus Aldridge,25.0,POR,135.0,595.0,0.227,0.0,,,81.0,39.6,21.8,8.8,2.1,1.0,1.2,0.5,0.174,0.791,11.1,0.166,2011
14,3rd,G,Manu Ginóbili,33.0,SAS,106.0,595.0,0.178,0.0,,,80.0,30.3,17.4,3.7,4.9,1.5,0.4,0.433,0.349,0.871,9.9,0.195,2011
15,3rd,F,Zach Randolph,29.0,MEM,67.0,595.0,0.113,0.0,,,75.0,36.3,20.1,12.2,2.2,0.8,0.3,0.503,0.186,0.758,10.5,0.185,2011
16,3rd,C,Al Horford,24.0,ATL,62.0,595.0,0.104,0.0,,,77.0,35.1,15.3,9.3,3.5,0.8,1.0,0.557,0.5,0.798,10.1,0.179,2011
18,ORV,G,Rajon Rondo,24.0,BOS,68.0,595.0,0.114,0.0,,,68.0,37.2,10.6,4.4,11.2,2.3,0.2,0.475,0.233,0.568,6.6,0.126,2011
19,ORV,F,Paul Pierce,33.0,BOS,55.0,595.0,0.092,0.0,,,80.0,34.7,18.9,5.4,3.3,1.0,0.6,0.497,0.374,0.86,11.6,0.201,2011
20,ORV,F,Carmelo Anthony,26.0,TOT,53.0,595.0,0.089,0.0,,,77.0,35.7,25.6,7.3,2.9,0.9,0.6,0.455,0.378,0.838,7.9,0.138,2011
21,ORV,F,Kevin Love,22.0,MIN,48.0,595.0,0.081,0.0,,,73.0,35.8,20.2,15.2,2.5,0.6,0.4,0.47,0.417,0.85,11.4,0.21,2011
22,ORV,F,Tim Duncan,34.0,SAS,43.0,595.0,0.072,0.0,,,76.0,28.4,13.4,8.9,2.7,0.7,1.9,0.5,0.0,0.716,7.7,0.171,2011
23,ORV,F,Blake Griffin,21.0,LAC,36.0,595.0,0.061,0.0,,,82.0,38.0,22.5,12.1,3.8,0.8,0.5,0.506,0.292,0.642,9.8,0.152,2011
24,ORV,G,Tony Parker,28.0,SAS,27.0,595.0,0.045,0.0,,,78.0,32.4,17.5,3.1,6.6,1.2,0.0,0.519,0.357,0.769,8.2,0.156,2011
25,ORV,F,Kevin Garnett,34.0,BOS,22.0,595.0,0.037,0.0,,,71.0,31.3,14.9,8.9,2.4,1.3,0.8,0.528,0.2,0.862,9.0,0.194,2011
26,ORV,G,Deron Williams,26.0,TOT,19.0,595.0,0.032,0.0,,,65.0,37.9,20.1,4.0,10.3,1.2,0.2,0.439,0.331,0.845,7.3,0.142,2011
27,ORV,G,Steve Nash,36.0,PHO,17.0,595.0,0.029,0.0,,,75.0,33.3,14.7,3.5,11.4,0.6,0.1,0.492,0.395,0.912,7.9,0.153,2011
28,ORV,C,Andrew Bogut,26.0,MIL,13.0,595.0,0.022,0.0,,,65.0,35.3,12.8,11.1,2.0,0.7,2.6,0.495,0.0,0.442,5.4,0.112,2011
29,ORV,G,Monta Ellis,25.0,GSW,11.0,595.0,0.018,0.0,,,80.0,40.3,24.1,3.5,5.6,2.1,0.3,0.451,0.361,0.789,6.0,0.089,2011
30,ORV,F,Nenê,28.0,DEN,11.0,595.0,0.018,0.0,,,75.0,30.5,14.5,7.6,2.0,1.1,1.0,0.615,0.2,0.711,9.6,0.201,2011
31,ORV,C,Andrew Bynum,23.0,LAL,9.0,595.0,0.015,0.0,,,54.0,27.8,11.3,9.4,1.4,0.4,2.0,0.574,,0.66,6.6,0.21,2011
32,ORV,C,Tyson Chandler,28.0,DAL,7.0,595.0,0.012,0.0,,,74.0,27.8,10.1,9.4,0.4,0.5,1.1,0.654,,0.732,9.4,0.218,2011
33,ORV,G,Kevin Martin,27.0,HOU,7.0,595.0,0.012,0.0,,,80.0,32.5,23.5,3.2,2.5,1.0,0.2,0.436,0.383,0.888,9.5,0.175,2011
34,ORV,C,Joakim Noah,25.0,CHI,5.0,595.0,0.008,0.0,,,48.0,32.8,11.7,10.4,2.2,1.0,1.5,0.525,0.0,0.739,6.7,0.205,2011
35,ORV,C,Marc Gasol,26.0,MEM,3.0,595.0,0.005,0.0,,,81.0,31.9,11.7,7.0,2.5,0.9,1.7,0.527,0.429,0.748,7.9,0.146,2011
36,ORV,C,Al Jefferson,26.0,UTA,3.0,595.0,0.005,0.0,,,82.0,35.9,18.6,9.7,1.8,0.6,1.9,0.496,,0.761,7.8,0.128,2011
37,ORV,C,Kendrick Perkins,26.0,TOT,3.0,595.0,0.005,0.0,,,29.0,25.6,6.0,8.0,0.9,0.3,0.9,0.515,,0.556,1.0,0.063,2011
38,ORV,C,Andrea Bargnani,25.0,TOR,2.0,595.0,0.003,0.0,0.0,2.0,66.0,35.7,21.4,5.2,1.8,0.5,0.7,0.448,0.345,0.82,2.5,0.052,2011
39,ORV,F,Chris Bosh,26.0,MIA,2.0,595.0,0.003,0.0,0.0,2.0,77.0,36.3,18.7,8.3,1.9,0.8,0.6,0.496,0.24,0.815,10.3,0.177,2011
40,ORV,G,Ray Allen,35.0,BOS,1.0,595.0,0.002,0.0,0.0,1.0,80.0,36.1,16.5,3.4,2.7,1.0,0.2,0.491,0.444,0.881,10.0,0.166,2011
41,ORV,F,Luol Deng,25.0,CHI,1.0,595.0,0.002,0.0,0.0,1.0,82.0,39.1,17.4,5.8,2.8,1.0,0.6,0.46,0.345,0.753,9.9,0.149,2011
42,ORV,G,Eric Gordon,22.0,LAC,1.0,595.0,0.002,0.0,0.0,1.0,56.0,37.7,22.3,2.9,4.4,1.3,0.3,0.45,0.364,0.825,5.3,0.12,2011
43,ORV,F,Andre Iguodala,27.0,PHI,1.0,595.0,0.002,0.0,0.0,1.0,67.0,36.9,14.1,5.8,6.3,1.5,0.6,0.445,0.337,0.693,6.7,0.13,2011
44,ORV,G,Jason Kidd,37.0,DAL,1.0,595.0,0.002,0.0,0.0,1.0,80.0,33.2,7.9,4.4,8.2,1.7,0.4,0.361,0.34,0.87,6.4,0.116,2011
45,ORV,C,Emeka Okafor,28.0,NOH,1.0,595.0,0.002,0.0,0.0,1.0,72.0,31.8,10.3,9.5,0.6,0.6,1.8,0.573,0.0,0.562,6.5,0.136,2011
46,ORV,F,Luis Scola,30.0,HOU,1.0,595.0,0.002,0.0,0.0,1.0,74.0,32.6,18.3,8.2,2.5,0.6,0.6,0.504,0.0,0.738,5.5,0.11,2011
47,ORV,F,Gerald Wallace,28.0,TOT,1.0,595.0,0.002,0.0,0.0,1.0,71.0,37.9,15.7,8.0,2.4,1.5,0.9,0.454,0.333,0.746,6.2,0.111,2011
0,1st,F,LeBron James,27.0,MIA,596.0,600.0,0.993,118.0,2.0,0.0,62.0,37.5,27.1,7.9,6.2,1.9,0.8,0.531,0.362,0.771,14.5,0.298,2012
1,1st,F,Kevin Durant,23.0,OKC,591.0,600.0,0.985,117.0,,,66.0,38.6,28.0,8.0,3.5,1.3,1.2,0.496,0.387,0.86,12.2,0.23,2012
2,1st,G,Kobe Bryant,33.0,LAL,568.0,600.0,0.947,104.0,,,58.0,38.5,27.9,5.4,4.6,1.2,0.3,0.43,0.303,0.845,6.2,0.132,2012
3,1st,G,Chris Paul,26.0,LAC,484.0,600.0,0.807,74.0,,,60.0,36.4,19.8,3.6,9.1,2.5,0.1,0.478,0.371,0.861,12.7,0.278,2012
4,1st,C,Dwight Howard,26.0,ORL,476.0,600.0,0.793,75.0,,,54.0,38.3,20.6,14.5,1.9,1.5,2.1,0.573,0.0,0.491,7.7,0.179,2012
6,2nd,C,Andrew Bynum,24.0,LAL,400.0,600.0,0.667,33.0,,,60.0,35.2,18.7,11.8,1.4,0.5,1.9,0.558,0.2,0.692,8.0,0.183,2012
7,2nd,G,Tony Parker,29.0,SAS,367.0,600.0,0.612,41.0,,,60.0,32.1,18.3,2.9,7.7,1.0,0.1,0.48,0.23,0.799,7.1,0.177,2012
8,2nd,F,Kevin Love,23.0,MIN,365.0,600.0,0.608,16.0,,,55.0,39.0,26.0,13.3,2.0,0.9,0.5,0.448,0.372,0.824,10.0,0.223,2012
9,2nd,G,Russell Westbrook,23.0,OKC,239.0,600.0,0.398,5.0,,,66.0,35.3,23.6,4.6,5.5,1.7,0.3,0.457,0.316,0.823,7.9,0.163,2012
10,2nd,F,Blake Griffin,22.0,LAC,170.0,600.0,0.283,0.0,,,66.0,36.2,20.7,10.9,3.2,0.8,0.7,0.549,0.125,0.521,9.2,0.185,2012
12,3rd,G,Dwyane Wade,30.0,MIA,235.0,600.0,0.392,1.0,,,49.0,33.2,22.1,4.8,4.6,1.7,1.3,0.497,0.268,0.791,7.7,0.227,2012
13,3rd,F,Carmelo Anthony,27.0,NYK,154.0,600.0,0.257,1.0,,,55.0,34.1,22.6,6.3,3.6,1.1,0.4,0.43,0.335,0.804,6.2,0.16,2012
14,3rd,G,Rajon Rondo,25.0,BOS,142.0,600.0,0.237,4.0,,,53.0,36.9,11.9,4.8,11.7,1.8,0.1,0.448,0.238,0.597,4.9,0.121,2012
15,3rd,F,Dirk Nowitzki,33.0,DAL,136.0,600.0,0.227,0.0,,,62.0,33.5,21.6,6.7,2.2,0.7,0.5,0.457,0.368,0.896,7.6,0.175,2012
16,3rd,C,Tyson Chandler,29.0,NYK,60.0,600.0,0.1,4.0,,,62.0,33.2,11.3,9.9,0.9,0.9,1.4,0.679,0.0,0.689,9.5,0.22,2012
18,ORV,F,LaMarcus Aldridge,26.0,POR,55.0,600.0,0.092,0.0,,,55.0,36.3,21.7,8.0,2.4,0.9,0.8,0.512,0.182,0.814,7.0,0.169,2012
19,ORV,C,Marc Gasol,27.0,MEM,52.0,600.0,0.087,0.0,,,65.0,36.5,14.6,8.9,3.1,1.0,1.9,0.482,0.083,0.748,8.2,0.166,2012
20,ORV,G,Derrick Rose,23.0,CHI,44.0,600.0,0.073,0.0,,,39.0,35.3,21.8,3.4,7.9,0.9,0.7,0.435,0.312,0.812,6.0,0.211,2012
21,ORV,F,Josh Smith,26.0,ATL,33.0,600.0,0.055,0.0,,,66.0,35.3,18.8,9.6,3.9,1.4,1.7,0.458,0.257,0.63,6.8,0.139,2012
22,ORV,F,Paul Pierce,34.0,BOS,31.0,600.0,0.052,0.0,,,61.0,34.0,19.4,5.2,4.5,1.1,0.4,0.443,0.366,0.852,7.0,0.161,2012
23,ORV,C,Al Jefferson,27.0,UTA,30.0,600.0,0.05,0.0,,,61.0,34.0,19.2,9.6,2.2,0.8,1.7,0.492,0.25,0.774,7.5,0.173,2012
24,ORV,C,Pau Gasol,31.0,LAL,27.0,600.0,0.045,0.0,,,65.0,37.4,17.4,10.4,3.6,0.6,1.4,0.501,0.259,0.782,8.3,0.165,2012
25,ORV,G,Steve Nash,37.0,PHO,24.0,600.0,0.04,0.0,,,62.0,31.6,12.5,3.0,10.7,0.6,0.1,0.532,0.39,0.894,5.9,0.144,2012
26,ORV,F,Kevin Garnett,35.0,BOS,22.0,600.0,0.037,0.0,,,60.0,31.1,15.8,8.2,2.9,0.9,1.0,0.503,0.333,0.857,6.9,0.178,2012
27,ORV,F,Tim Duncan,35.0,SAS,18.0,600.0,0.03,0.0,,,58.0,28.2,15.4,9.0,2.3,0.7,1.5,0.492,0.0,0.695,5.9,0.174,2012
28,ORV,G,Joe Johnson,30.0,ATL,16.0,600.0,0.027,0.0,,,60.0,35.5,18.8,3.7,3.9,0.8,0.2,0.454,0.388,0.849,6.4,0.145,2012
29,ORV,G,Deron Williams,27.0,NJN,14.0,600.0,0.023,0.0,,,55.0,36.3,21.0,3.3,8.7,1.2,0.4,0.407,0.336,0.843,4.1,0.099,2012
30,ORV,F,Rudy Gay,25.0,MEM,10.0,600.0,0.017,0.0,,,65.0,37.3,19.0,6.4,2.3,1.5,0.8,0.455,0.312,0.791,6.0,0.12,2012
31,ORV,G,James Harden,22.0,OKC,8.0,600.0,0.013,0.0,,,62.0,31.4,16.8,4.1,3.7,1.0,0.2,0.491,0.39,0.846,9.3,0.23,2012
32,ORV,F,Luol Deng,26.0,CHI,5.0,600.0,0.008,0.0,,,54.0,39.4,15.3,6.5,2.9,1.0,0.7,0.412,0.367,0.77,5.8,0.132,2012
33,ORV,C,Roy Hibbert,25.0,IND,5.0,600.0,0.008,0.0,,,65.0,29.8,12.8,8.8,1.7,0.5,2.0,0.497,0.0,0.711,6.2,0.154,2012
34,ORV,G,Manu Ginóbili,34.0,SAS,3.0,600.0,0.005,0.0,,,34.0,23.3,12.9,3.4,4.4,0.7,0.4,0.526,0.413,0.871,4.2,0.257,2012
35,ORV,F,Danny Granger,28.0,IND,3.0,600.0,0.005,0.0,,,62.0,33.3,18.7,5.0,1.8,1.0,0.6,0.416,0.381,0.873,6.7,0.155,2012
36,ORV,C,Joakim Noah,26.0,CHI,3.0,600.0,0.005,0.0,,,64.0,30.4,10.2,9.8,2.5,0.6,1.4,0.508,0.0,0.748,9.0,0.223,2012
37,ORV,F,Chris Bosh,27.0,MIA,2.0,600.0,0.003,0.0,0.0,2.0,57.0,35.2,18.0,7.9,1.8,0.9,0.8,0.487,0.286,0.821,6.9,0.165,2012
38,ORV,G,Monta Ellis,26.0,TOT,2.0,600.0,0.003,0.0,0.0,2.0,58.0,36.6,20.4,3.4,6.0,1.5,0.3,0.433,0.308,0.796,2.6,0.059,2012
39,ORV,C,Marcin Gortat,27.0,PHO,2.0,600.0,0.003,0.0,0.0,2.0,66.0,32.0,15.4,10.0,0.9,0.7,1.5,0.555,0.0,0.649,7.6,0.172,2012
40,ORV,F,Serge Ibaka,22.0,OKC,2.0,600.0,0.003,0.0,0.0,2.0,66.0,27.2,9.1,7.5,0.4,0.5,3.7,0.535,0.333,0.661,6.2,0.167,2012
41,ORV,F,Paul Millsap,26.0,UTA,2.0,600.0,0.003,0.0,0.0,2.0,64.0,32.8,16.6,8.8,2.3,1.8,0.8,0.495,0.226,0.792,7.8,0.179,2012
42,ORV,F,Luis Scola,31.0,HOU,2.0,600.0,0.003,0.0,0.0,2.0,66.0,31.3,15.5,6.5,2.1,0.5,0.4,0.491,0.0,0.773,3.4,0.08,2012
43,ORV,C,DeMarcus Cousins,21.0,SAC,1.0,600.0,0.002,0.0,0.0,1.0,64.0,30.5,18.1,11.0,1.6,1.5,1.2,0.448,0.143,0.702,4.2,0.104,2012
44,ORV,F,David Lee,28.0,GSW,1.0,600.0,0.002,0.0,0.0,1.0,57.0,37.2,20.1,9.6,2.8,0.9,0.4,0.503,0.0,0.782,5.0,0.113,2012
0,1st,F,LeBron James,28.0,MIA,595.0,595.0,1.0,119.0,0.0,0.0,76.0,37.9,26.8,8.0,7.3,1.7,0.9,0.565,0.406,0.753,19.3,0.322,2013
1,1st,F,Kevin Durant,24.0,OKC,555.0,595.0,0.933,102.0,,,81.0,38.5,28.1,7.9,4.6,1.4,1.3,0.51,0.416,0.905,18.9,0.291,2013
2,1st,G,Chris Paul,27.0,LAC,537.0,595.0,0.903,97.0,,,70.0,33.4,16.9,3.7,9.7,2.4,0.1,0.481,0.328,0.885,13.9,0.287,2013
3,1st,G,Kobe Bryant,34.0,LAL,521.0,595.0,0.876,91.0,,,78.0,38.6,27.3,5.6,6.0,1.4,0.3,0.463,0.324,0.839,10.9,0.174,2013
4,1st,C,Tim Duncan,36.0,SAS,392.0,595.0,0.659,45.0,,,69.0,30.1,17.8,9.9,2.7,0.7,2.7,0.502,0.286,0.817,8.3,0.191,2013
6,2nd,F,Carmelo Anthony,28.0,NYK,397.0,595.0,0.667,24.0,,,67.0,37.0,28.7,6.9,2.6,0.8,0.5,0.449,0.379,0.83,9.5,0.184,2013
7,2nd,G,Russell Westbrook,24.0,OKC,306.0,595.0,0.514,20.0,,,82.0,34.9,23.2,5.2,7.4,1.8,0.3,0.438,0.323,0.8,11.6,0.195,2013
8,2nd,C,Marc Gasol,28.0,MEM,295.0,595.0,0.496,38.0,,,80.0,35.0,14.1,7.8,4.0,1.0,1.7,0.494,0.071,0.848,11.5,0.197,2013
9,2nd,G,Tony Parker,30.0,SAS,273.0,595.0,0.459,16.0,,,66.0,32.9,20.3,3.0,7.6,0.8,0.1,0.522,0.353,0.845,9.3,0.206,2013
10,2nd,F,Blake Griffin,23.0,LAC,132.0,595.0,0.222,0.0,,,80.0,32.5,18.0,8.3,3.7,1.2,0.6,0.538,0.179,0.66,10.6,0.196,2013
12,3rd,G,James Harden,23.0,HOU,253.0,595.0,0.425,5.0,,,78.0,38.3,25.9,4.9,5.8,1.8,0.5,0.438,0.368,0.851,12.8,0.206,2013
13,3rd,C,Dwight Howard,27.0,LAL,203.0,595.0,0.341,17.0,,,76.0,35.8,17.1,12.4,1.4,1.1,2.4,0.578,0.167,0.492,7.6,0.134,2013
14,3rd,G,Dwyane Wade,31.0,MIA,145.0,595.0,0.244,3.0,,,69.0,34.7,21.2,5.0,5.1,1.9,0.8,0.521,0.258,0.725,9.6,0.192,2013
15,3rd,F,David Lee,29.0,GSW,79.0,595.0,0.133,0.0,,,79.0,36.8,18.5,11.2,3.5,0.8,0.3,0.519,0.0,0.797,9.1,0.15,2013
16,3rd,F,Paul George,22.0,IND,73.0,595.0,0.123,0.0,,,79.0,37.6,17.4,7.6,4.1,1.8,0.6,0.419,0.362,0.807,9.0,0.145,2013
18,ORV,C,Brook Lopez,24.0,BRK,132.0,595.0,0.222,7.0,,,74.0,30.4,19.4,6.9,0.9,0.4,2.1,0.521,0.0,0.758,9.0,0.191,2013
19,ORV,G,Stephen Curry,24.0,GSW,72.0,595.0,0.121,0.0,,,78.0,38.2,22.9,4.0,6.9,1.6,0.2,0.451,0.453,0.9,11.2,0.18,2013
20,ORV,F,LaMarcus Aldridge,27.0,POR,62.0,595.0,0.104,0.0,,,74.0,37.7,21.1,9.1,2.6,0.8,1.2,0.484,0.143,0.81,7.2,0.124,2013
21,ORV,F,Chris Bosh,28.0,MIA,59.0,595.0,0.099,4.0,,,74.0,33.2,16.6,6.8,1.7,0.9,1.4,0.535,0.284,0.798,9.0,0.175,2013
22,ORV,C,Joakim Noah,27.0,CHI,56.0,595.0,0.094,3.0,,,66.0,36.8,11.9,11.1,4.0,1.2,2.1,0.481,0.0,0.751,7.3,0.145,2013
23,ORV,F,Zach Randolph,31.0,MEM,45.0,595.0,0.076,0.0,,,76.0,34.3,15.4,11.2,1.4,0.8,0.4,0.46,0.087,0.75,7.9,0.145,2013
24,ORV,C,Al Horford,26.0,ATL,31.0,595.0,0.052,2.0,,,74.0,37.2,17.4,10.2,3.2,1.1,1.1,0.543,0.5,0.644,8.8,0.153,2013
25,ORV,F,Paul Pierce,35.0,BOS,24.0,595.0,0.04,0.0,,,77.0,33.4,18.6,6.3,4.8,1.1,0.4,0.436,0.38,0.787,7.2,0.135,2013
26,ORV,C,Al Jefferson,28.0,UTA,20.0,595.0,0.034,1.0,,,78.0,33.1,17.8,9.2,2.1,1.0,1.1,0.494,0.118,0.77,7.7,0.143,2013
27,ORV,C,Tyson Chandler,30.0,NYK,19.0,595.0,0.032,1.0,,,66.0,32.8,10.4,10.7,0.9,0.6,1.1,0.638,,0.694,9.3,0.207,2013
28,ORV,C,Roy Hibbert,26.0,IND,9.0,595.0,0.015,0.0,,,79.0,28.7,11.9,8.3,1.4,0.5,2.6,0.448,0.25,0.741,6.1,0.129,2013
29,ORV,F,Luol Deng,27.0,CHI,8.0,595.0,0.013,0.0,,,75.0,38.7,16.5,6.3,3.0,1.1,0.4,0.426,0.322,0.816,6.3,0.105,2013
30,ORV,F,Kevin Garnett,36.0,BOS,8.0,595.0,0.013,0.0,,,68.0,29.7,14.8,7.8,2.3,1.1,0.9,0.496,0.125,0.786,5.6,0.133,2013
31,ORV,G,Ty Lawson,25.0,DEN,8.0,595.0,0.013,0.0,,,73.0,34.4,16.7,2.7,6.9,1.5,0.1,0.461,0.366,0.756,7.4,0.141,2013
32,ORV,F,Josh Smith,27.0,ATL,7.0,595.0,0.012,0.0,,,76.0,35.3,17.5,8.4,4.2,1.2,1.8,0.465,0.303,0.517,4.2,0.075,2013
33,ORV,G,Deron Williams,28.0,BRK,6.0,595.0,0.01,0.0,,,78.0,36.4,18.9,3.0,7.7,1.0,0.4,0.44,0.378,0.859,10.9,0.184,2013
34,ORV,F,Pau Gasol,32.0,LAL,4.0,595.0,0.007,0.0,,,49.0,33.8,13.7,8.6,4.1,0.5,1.2,0.466,0.286,0.702,3.7,0.107,2013
35,ORV,F,Serge Ibaka,23.0,OKC,4.0,595.0,0.007,0.0,,,80.0,31.1,13.2,7.7,0.5,0.4,3.0,0.573,0.351,0.749,9.4,0.181,2013
36,ORV,C,Ömer Aşık,26.0,HOU,3.0,595.0,0.005,0.0,,,82.0,30.0,10.1,11.7,0.9,0.6,1.1,0.541,0.0,0.562,5.5,0.108,2013
37,ORV,F,Kenneth Faried,23.0,DEN,3.0,595.0,0.005,0.0,,,80.0,28.1,11.5,9.2,1.0,1.0,1.0,0.552,,0.613,7.8,0.167,2013
38,ORV,G,Raymond Felton,28.0,NYK,3.0,595.0,0.005,0.0,,,68.0,34.0,13.9,2.9,5.5,1.4,0.2,0.427,0.36,0.789,4.2,0.087,2013
39,ORV,G,Kyrie Irving,20.0,CLE,3.0,595.0,0.005,0.0,,,59.0,34.7,22.5,3.7,5.9,1.5,0.4,0.452,0.391,0.855,5.3,0.125,2013
40,ORV,F,Carlos Boozer,31.0,CHI,2.0,595.0,0.003,0.0,0.0,2.0,79.0,32.2,16.2,9.8,2.3,0.8,0.4,0.477,0.0,0.731,5.7,0.108,2013
41,ORV,G,Mike Conley,25.0,MEM,2.0,595.0,0.003,0.0,0.0,2.0,80.0,34.5,14.6,2.8,6.1,2.2,0.3,0.44,0.362,0.83,9.9,0.172,2013
42,ORV,F,David West,32.0,IND,2.0,595.0,0.003,0.0,0.0,2.0,73.0,33.4,17.1,7.7,2.9,1.0,0.9,0.498,0.211,0.768,9.1,0.179,2013
43,ORV,F,Rudy Gay,26.0,TOT,1.0,595.0,0.002,0.0,0.0,1.0,75.0,35.8,18.2,6.1,2.7,1.5,0.7,0.416,0.323,0.814,4.0,0.072,2013
44,ORV,F,J.J. Hickson,24.0,POR,1.0,595.0,0.002,0.0,0.0,1.0,80.0,29.0,12.7,10.4,1.1,0.6,0.6,0.562,0.0,0.679,6.9,0.142,2013
45,ORV,F,Andre Iguodala,29.0,DEN,1.0,595.0,0.002,0.0,0.0,1.0,80.0,34.7,13.0,5.3,5.4,1.7,0.7,0.451,0.317,0.574,5.6,0.097,2013
46,ORV,F,Dirk Nowitzki,34.0,DAL,1.0,595.0,0.002,0.0,0.0,1.0,53.0,31.3,17.3,6.8,2.5,0.7,0.7,0.471,0.414,0.86,5.0,0.145,2013
47,ORV,F,Nikola Peković,27.0,MIN,1.0,595.0,0.002,0.0,0.0,1.0,62.0,31.6,16.3,8.8,0.9,0.7,0.8,0.52,,0.744,6.7,0.163,2013
48,ORV,G,Rajon Rondo,26.0,BOS,1.0,595.0,0.002,0.0,0.0,1.0,38.0,37.4,13.7,5.6,11.1,1.8,0.2,0.484,0.24,0.645,3.2,0.108,2013
49,ORV,C,Nikola Vučević,22.0,ORL,1.0,595.0,0.002,0.0,0.0,1.0,77.0,33.2,13.1,11.9,1.9,0.8,1.0,0.519,0.0,0.683,5.7,0.106,2013
0,1st,F,Kevin Durant,25.0,OKC,625.0,625.0,1.0,125.0,0.0,0.0,81.0,38.5,32.0,7.4,5.5,1.3,0.7,0.503,0.391,0.873,19.2,0.295,2014
1,1st,F,LeBron James,29.0,MIA,623.0,625.0,0.997,124.0,1.0,0.0,77.0,37.7,27.1,6.9,6.3,1.6,0.3,0.567,0.379,0.75,15.9,0.264,2014
2,1st,C,Joakim Noah,28.0,CHI,551.0,625.0,0.882,101.0,,,80.0,35.3,12.6,11.3,5.4,1.2,1.5,0.475,0.0,0.737,11.2,0.19,2014
3,1st,G,Chris Paul,28.0,LAC,540.0,625.0,0.864,86.0,,,62.0,35.0,19.1,4.3,10.7,2.5,0.1,0.467,0.368,0.855,12.2,0.27,2014
4,1st,G,James Harden,24.0,HOU,502.0,625.0,0.803,73.0,,,73.0,38.0,25.4,4.7,6.1,1.6,0.4,0.456,0.366,0.866,12.8,0.221,2014
6,2nd,G,Stephen Curry,25.0,GSW,489.0,625.0,0.782,65.0,,,78.0,36.5,24.0,4.3,8.5,1.6,0.2,0.471,0.424,0.885,13.4,0.225,2014
7,2nd,F,Blake Griffin,24.0,LAC,350.0,625.0,0.56,5.0,,,80.0,35.8,24.1,9.5,3.9,1.2,0.6,0.528,0.273,0.715,12.2,0.205,2014
8,2nd,F,Kevin Love,25.0,MIN,237.0,625.0,0.379,2.0,,,77.0,36.3,26.1,12.5,4.4,0.8,0.5,0.457,0.376,0.821,14.3,0.245,2014
9,2nd,C,Dwight Howard,28.0,HOU,226.0,625.0,0.362,9.0,,,71.0,33.7,18.3,12.2,1.8,0.8,1.8,0.591,0.286,0.547,8.0,0.161,2014
10,2nd,G,Tony Parker,31.0,SAS,210.0,625.0,0.336,14.0,,,68.0,29.4,16.7,2.3,5.7,0.5,0.1,0.499,0.373,0.811,5.9,0.141,2014
12,3rd,F,LaMarcus Aldridge,28.0,POR,191.0,625.0,0.306,4.0,,,69.0,36.2,23.2,11.1,2.6,0.9,1.0,0.458,0.2,0.822,7.5,0.144,2014
13,3rd,C,Al Jefferson,29.0,CHA,191.0,625.0,0.306,4.0,,,73.0,35.0,21.8,10.8,2.1,0.9,1.1,0.509,0.2,0.69,7.8,0.146,2014
14,3rd,F,Paul George,23.0,IND,171.0,625.0,0.274,4.0,,,80.0,36.2,21.7,6.8,3.5,1.9,0.3,0.424,0.364,0.864,10.8,0.178,2014
15,3rd,G,Damian Lillard,23.0,POR,115.0,625.0,0.184,2.0,,,82.0,35.8,20.7,3.5,5.6,0.8,0.3,0.424,0.394,0.871,9.6,0.157,2014
16,3rd,G,Goran Dragić,27.0,PHO,115.0,625.0,0.184,1.0,,,76.0,35.1,20.3,3.2,5.9,1.4,0.3,0.505,0.408,0.76,10.3,0.186,2014
18,ORV,F,Carmelo Anthony,29.0,NYK,86.0,625.0,0.138,1.0,,,77.0,38.7,27.4,8.1,3.1,1.2,0.7,0.452,0.402,0.848,10.7,0.172,2014
19,ORV,G,John Wall,23.0,WAS,70.0,625.0,0.112,0.0,,,82.0,36.3,19.3,4.1,8.8,1.8,0.5,0.433,0.351,0.805,7.9,0.128,2014
20,ORV,F,Tim Duncan,37.0,SAS,63.0,625.0,0.101,1.0,,,74.0,29.2,15.1,9.7,3.0,0.6,1.9,0.49,0.0,0.731,7.4,0.164,2014
21,ORV,G,DeMar DeRozan,24.0,TOR,56.0,625.0,0.09,0.0,,,79.0,38.2,22.7,4.3,4.0,1.1,0.4,0.429,0.305,0.824,8.8,0.141,2014
22,ORV,F,Anthony Davis,20.0,NOP,40.0,625.0,0.064,1.0,,,67.0,35.2,20.8,10.0,1.6,1.3,2.8,0.519,0.222,0.791,10.4,0.212,2014
23,ORV,F,Dirk Nowitzki,35.0,DAL,37.0,625.0,0.059,1.0,,,80.0,32.9,21.7,6.2,2.7,0.9,0.6,0.497,0.398,0.899,10.9,0.199,2014
24,ORV,G,Russell Westbrook,25.0,OKC,32.0,625.0,0.051,1.0,,,46.0,30.7,21.8,5.7,6.9,1.9,0.2,0.437,0.318,0.826,5.2,0.178,2014
25,ORV,G,Kyle Lowry,27.0,TOR,29.0,625.0,0.046,0.0,,,79.0,36.2,17.9,4.7,7.4,1.5,0.2,0.423,0.38,0.813,11.7,0.197,2014
26,ORV,C,DeAndre Jordan,25.0,LAC,21.0,625.0,0.034,0.0,,,82.0,35.0,10.4,13.6,0.9,1.0,2.5,0.676,,0.428,11.1,0.186,2014
27,ORV,C,Roy Hibbert,27.0,IND,17.0,625.0,0.027,0.0,,,81.0,29.7,10.8,6.6,1.1,0.4,2.2,0.439,0.4,0.77,5.4,0.108,2014
28,ORV,C,Marc Gasol,29.0,MEM,16.0,625.0,0.026,2.0,,,59.0,33.4,14.6,7.2,3.6,1.0,1.3,0.473,0.182,0.768,5.6,0.137,2014
29,ORV,C,DeMarcus Cousins,23.0,SAC,14.0,625.0,0.022,1.0,,,71.0,32.4,22.7,11.7,2.9,1.5,1.3,0.496,0.0,0.726,7.9,0.166,2014
30,ORV,G,Kyrie Irving,21.0,CLE,7.0,625.0,0.011,0.0,,,71.0,35.2,20.8,3.6,6.1,1.5,0.3,0.43,0.358,0.861,6.7,0.128,2014
31,ORV,G,Dwyane Wade,32.0,MIA,6.0,625.0,0.01,0.0,,,54.0,32.9,19.0,4.5,4.7,1.5,0.5,0.545,0.281,0.733,5.5,0.149,2014
32,ORV,G,Mike Conley,26.0,MEM,4.0,625.0,0.006,0.0,,,73.0,33.5,17.2,2.9,6.0,1.5,0.2,0.45,0.361,0.815,8.2,0.161,2014
33,ORV,F,Serge Ibaka,24.0,OKC,4.0,625.0,0.006,0.0,,,81.0,32.9,15.1,8.8,1.0,0.5,2.7,0.536,0.383,0.784,9.6,0.173,2014
34,ORV,G,Joe Johnson,32.0,BRK,4.0,625.0,0.006,0.0,,,79.0,32.6,15.8,3.4,2.7,0.6,0.1,0.454,0.401,0.815,4.9,0.091,2014
35,ORV,F,Zach Randolph,32.0,MEM,4.0,625.0,0.006,0.0,,,79.0,34.2,17.4,10.1,2.5,0.7,0.3,0.467,0.1,0.742,6.4,0.113,2014
36,ORV,G,Lance Stephenson,23.0,IND,3.0,625.0,0.005,0.0,,,78.0,35.3,13.8,7.2,4.6,0.7,0.1,0.491,0.352,0.711,7.4,0.13,2014
37,ORV,G,Ty Lawson,26.0,DEN,2.0,625.0,0.003,0.0,0.0,2.0,62.0,35.8,17.6,3.5,8.8,1.6,0.2,0.431,0.356,0.798,6.3,0.136,2014
38,ORV,F,Paul Millsap,28.0,ATL,2.0,625.0,0.003,0.0,0.0,2.0,74.0,33.5,17.9,8.5,3.1,1.7,1.1,0.461,0.358,0.731,6.7,0.129,2014
39,ORV,F,Chris Bosh,29.0,MIA,1.0,625.0,0.002,0.0,0.0,1.0,79.0,32.0,16.2,6.6,1.1,1.0,1.0,0.516,0.339,0.82,8.0,0.152,2014
40,ORV,C,Andre Drummond,20.0,DET,1.0,625.0,0.002,0.0,0.0,1.0,81.0,32.3,13.5,13.2,0.4,1.2,1.6,0.623,0.0,0.418,9.9,0.182,2014
41,ORV,G,Monta Ellis,28.0,DAL,1.0,625.0,0.002,0.0,0.0,1.0,82.0,36.9,19.0,3.6,5.7,1.7,0.3,0.451,0.33,0.788,4.9,0.078,2014
42,ORV,F,Kawhi Leonard,22.0,SAS,1.0,625.0,0.002,0.0,0.0,1.0,66.0,29.1,12.8,6.2,2.0,1.7,0.8,0.522,0.379,0.802,7.7,0.193,2014
0,1st,G,Stephen Curry,26.0,GSW,645.0,645.0,1.0,129.0,0.0,0.0,80.0,32.7,23.8,4.3,7.7,2.0,0.2,0.487,0.443,0.914,15.7,0.288,2015
1,1st,F,LeBron James,30.0,CLE,645.0,645.0,1.0,129.0,0.0,0.0,69.0,36.1,25.3,6.0,7.4,1.6,0.7,0.488,0.354,0.71,10.4,0.199,2015
2,1st,G,James Harden,25.0,HOU,637.0,645.0,0.988,125.0,,,81.0,36.8,27.4,5.7,7.0,1.9,0.7,0.44,0.375,0.868,16.4,0.265,2015
3,1st,F,Anthony Davis,21.0,NOP,625.0,645.0,0.969,119.0,,,68.0,36.1,24.4,10.2,2.2,1.5,2.9,0.535,0.083,0.805,14.0,0.274,2015
4,1st,C,Marc Gasol,30.0,MEM,453.0,645.0,0.702,65.0,,,81.0,33.2,17.4,7.8,3.8,0.9,1.6,0.494,0.176,0.795,10.2,0.182,2015
6,2nd,G,Russell Westbrook,26.0,OKC,397.0,645.0,0.616,10.0,,,67.0,34.4,28.1,7.3,8.6,2.1,0.2,0.426,0.299,0.835,10.6,0.222,2015
7,2nd,F,LaMarcus Aldridge,29.0,POR,390.0,645.0,0.605,13.0,,,71.0,35.4,23.4,10.2,1.7,0.7,1.0,0.466,0.352,0.845,8.6,0.165,2015
8,2nd,G,Chris Paul,29.0,LAC,335.0,645.0,0.519,1.0,,,82.0,34.8,19.1,4.6,10.2,1.9,0.2,0.485,0.398,0.9,16.1,0.27,2015
9,2nd,F,Pau Gasol,34.0,CHI,242.0,645.0,0.375,15.0,,,78.0,34.4,18.5,11.8,2.7,0.3,1.9,0.494,0.462,0.803,10.4,0.187,2015
10,2nd,C,DeMarcus Cousins,24.0,SAC,220.0,645.0,0.341,18.0,,,59.0,34.1,24.1,12.7,3.6,1.5,1.7,0.467,0.25,0.782,6.0,0.144,2015
12,3rd,F,Blake Griffin,25.0,LAC,189.0,645.0,0.293,2.0,,,67.0,35.2,21.9,7.6,5.3,0.9,0.5,0.502,0.4,0.728,9.0,0.183,2015
13,3rd,C,DeAndre Jordan,26.0,LAC,175.0,645.0,0.271,12.0,,,82.0,34.4,11.5,15.0,0.7,1.0,2.2,0.71,0.25,0.397,12.8,0.217,2015
14,3rd,F,Tim Duncan,38.0,SAS,167.0,645.0,0.259,6.0,,,77.0,28.9,13.9,9.1,3.0,0.8,2.0,0.512,0.286,0.74,9.6,0.207,2015
15,3rd,G,Klay Thompson,24.0,GSW,122.0,645.0,0.189,0.0,,,77.0,31.9,21.7,3.2,2.9,1.1,0.8,0.463,0.439,0.879,8.8,0.172,2015
16,3rd,G,Kyrie Irving,22.0,CLE,112.0,645.0,0.174,0.0,,,75.0,36.4,21.7,3.2,5.2,1.5,0.3,0.468,0.415,0.863,10.4,0.183,2015
18,ORV,F,Kawhi Leonard,23.0,SAS,155.0,645.0,0.24,0.0,,,64.0,31.8,16.5,7.2,2.5,2.3,0.8,0.479,0.349,0.802,8.6,0.204,2015
19,ORV,F,Paul Millsap,29.0,ATL,70.0,645.0,0.109,0.0,,,73.0,32.7,16.7,7.8,3.1,1.8,0.9,0.476,0.356,0.757,8.3,0.166,2015
20,ORV,C,Al Horford,28.0,ATL,64.0,645.0,0.099,1.0,,,76.0,30.5,15.2,7.2,3.2,0.9,1.3,0.538,0.306,0.759,8.7,0.179,2015
21,ORV,G,John Wall,24.0,WAS,50.0,645.0,0.078,0.0,,,79.0,35.9,17.6,4.6,10.0,1.7,0.6,0.445,0.3,0.785,7.8,0.132,2015
22,ORV,G,Jimmy Butler,25.0,CHI,32.0,645.0,0.05,0.0,,,65.0,38.7,20.0,5.8,3.3,1.8,0.6,0.462,0.378,0.834,11.2,0.214,2015
23,ORV,G,Damian Lillard,24.0,POR,22.0,645.0,0.034,0.0,,,82.0,35.7,21.0,4.6,6.2,1.2,0.3,0.434,0.343,0.864,10.6,0.174,2015
24,ORV,F,Draymond Green,24.0,GSW,9.0,645.0,0.014,0.0,,,79.0,31.5,11.7,8.2,3.7,1.6,1.3,0.443,0.337,0.66,8.5,0.163,2015
25,ORV,F,Zach Randolph,33.0,MEM,7.0,645.0,0.011,0.0,,,71.0,32.5,16.1,10.5,2.2,1.0,0.2,0.487,0.35,0.765,7.2,0.149,2015
26,ORV,G,Jeff Teague,26.0,ATL,7.0,645.0,0.011,0.0,,,73.0,30.5,15.9,2.5,7.0,1.7,0.4,0.46,0.343,0.862,7.7,0.166,2015
27,ORV,C,Andrew Bogut,30.0,GSW,6.0,645.0,0.009,0.0,,,67.0,23.6,6.3,8.1,2.7,0.6,1.7,0.563,,0.524,5.2,0.159,2015
28,ORV,C,Nikola Vučević,24.0,ORL,6.0,645.0,0.009,0.0,,,74.0,34.2,19.3,10.9,2.0,0.7,0.7,0.523,0.333,0.752,7.0,0.133,2015
29,ORV,G,DeMar DeRozan,25.0,TOR,3.0,645.0,0.005,0.0,,,60.0,35.0,20.1,4.6,3.5,1.2,0.2,0.413,0.284,0.832,4.0,0.09,2015
30,ORV,F,Rudy Gay,28.0,SAC,3.0,645.0,0.005,0.0,,,68.0,35.4,21.1,5.9,3.7,1.0,0.6,0.455,0.359,0.858,6.1,0.122,2015
31,ORV,C,Andre Drummond,21.0,DET,2.0,645.0,0.003,0.0,,,82.0,30.5,13.8,13.5,0.7,0.9,1.9,0.514,0.0,0.389,7.7,0.147,2015
32,ORV,F,Gordon Hayward,24.0,UTA,2.0,645.0,0.003,0.0,,,76.0,34.4,19.3,4.9,4.1,1.4,0.4,0.445,0.364,0.812,8.7,0.159,2015
33,ORV,F,Kyle Korver,33.0,ATL,2.0,645.0,0.003,0.0,,,75.0,32.2,12.1,4.1,2.6,0.7,0.6,0.487,0.492,0.898,7.5,0.148,2015
34,ORV,C,Joakim Noah,29.0,CHI,2.0,645.0,0.003,0.0,,,67.0,30.6,7.2,9.6,4.7,0.7,1.1,0.445,0.0,0.603,5.6,0.13,2015
35,ORV,F,Dirk Nowitzki,36.0,DAL,2.0,645.0,0.003,0.0,,,77.0,29.6,17.3,5.9,1.9,0.5,0.4,0.459,0.38,0.882,7.2,0.152,2015
36,ORV,G,Dwyane Wade,33.0,MIA,2.0,645.0,0.003,0.0,,,62.0,31.8,21.5,3.5,4.8,1.2,0.3,0.47,0.284,0.768,3.5,0.086,2015
37,ORV,F,Carmelo Anthony,30.0,NYK,1.0,645.0,0.002,0.0,,,40.0,35.7,24.2,6.6,3.1,1.0,0.4,0.444,0.341,0.797,2.9,0.097,2015
38,ORV,C,Tyson Chandler,32.0,DAL,1.0,645.0,0.002,0.0,,,75.0,30.5,10.3,11.5,1.1,0.6,1.2,0.666,,0.72,10.3,0.216,2015
39,ORV,G,Mike Conley,27.0,MEM,1.0,645.0,0.002,0.0,,,70.0,31.8,15.8,3.0,5.4,1.3,0.2,0.446,0.386,0.859,6.8,0.147,2015
40,ORV,C,Brook Lopez,26.0,BRK,1.0,645.0,0.002,0.0,,,72.0,29.2,17.2,7.4,0.7,0.6,1.8,0.513,0.1,0.814,7.0,0.159,2015
41,ORV,F,Kevin Love,26.0,CLE,1.0,645.0,0.002,0.0,,,75.0,33.8,16.4,9.7,2.2,0.7,0.5,0.434,0.367,0.804,8.7,0.165,2015
42,ORV,G,Kyle Lowry,28.0,TOR,1.0,645.0,0.002,0.0,,,70.0,34.5,17.8,4.7,6.8,1.6,0.2,0.412,0.338,0.808,7.1,0.141,2015
43,ORV,G,Khris Middleton,23.0,MIL,1.0,645.0,0.002,0.0,,,79.0,30.1,13.4,4.4,2.3,1.5,0.1,0.467,0.407,0.859,6.7,0.135,2015
0,1st,G,Stephen Curry,27.0,GSW,645.0,645.0,1.0,129.0,0.0,0.0,79.0,34.2,30.1,5.4,6.7,2.1,0.2,0.504,0.454,0.908,17.9,0.318,2016
1,1st,F,LeBron James,31.0,CLE,637.0,645.0,0.988,125.0,4.0,0.0,76.0,35.6,25.3,7.4,6.8,1.4,0.6,0.52,0.309,0.731,13.6,0.242,2016
2,1st,G,Russell Westbrook,27.0,OKC,627.0,645.0,0.972,120.0,9.0,0.0,80.0,34.4,23.5,7.8,10.4,2.0,0.3,0.454,0.296,0.812,14.0,0.245,2016
3,1st,F,Kawhi Leonard,24.0,SAS,575.0,645.0,0.891,94.0,35.0,0.0,72.0,33.1,21.2,6.8,2.6,1.8,1.0,0.506,0.443,0.874,13.7,0.277,2016
4,1st,C,DeAndre Jordan,27.0,LAC,317.0,645.0,0.491,39.0,36.0,14.0,77.0,33.7,12.7,13.8,1.2,0.7,2.3,0.703,0.0,0.43,11.5,0.213,2016
6,2nd,F,Kevin Durant,27.0,OKC,452.0,645.0,0.701,36.0,90.0,2.0,72.0,35.8,28.2,8.2,5.0,1.0,1.2,0.505,0.387,0.898,14.5,0.27,2016
7,2nd,F,Draymond Green,25.0,GSW,431.0,645.0,0.668,40.0,74.0,9.0,81.0,34.7,14.0,9.5,7.4,1.5,1.4,0.49,0.388,0.696,11.1,0.19,2016
8,2nd,G,Chris Paul,30.0,LAC,353.0,645.0,0.547,8.0,101.0,10.0,74.0,32.7,19.5,4.2,10.0,2.1,0.2,0.462,0.371,0.896,12.7,0.253,2016
9,2nd,C,DeMarcus Cousins,25.0,SAC,277.0,645.0,0.429,32.0,28.0,33.0,65.0,34.6,26.9,11.5,3.3,1.6,1.4,0.451,0.333,0.718,5.7,0.122,2016
10,2nd,G,Damian Lillard,25.0,POR,217.0,645.0,0.336,0.0,48.0,73.0,75.0,35.7,25.1,4.0,6.8,0.9,0.4,0.419,0.375,0.892,9.2,0.165,2016
12,3rd,C,Andre Drummond,22.0,DET,173.0,645.0,0.268,13.0,26.0,30.0,81.0,32.9,16.2,14.8,0.8,1.5,1.4,0.521,0.333,0.355,7.4,0.133,2016
13,3rd,G,Klay Thompson,25.0,GSW,164.0,645.0,0.254,0.0,37.0,53.0,80.0,33.3,22.1,3.8,2.1,0.8,0.6,0.47,0.425,0.873,8.0,0.144,2016
14,3rd,F,Paul George,25.0,IND,157.0,645.0,0.243,0.0,28.0,73.0,81.0,34.8,23.1,7.0,4.1,1.9,0.4,0.418,0.371,0.86,9.2,0.157,2016
15,3rd,G,Kyle Lowry,29.0,TOR,155.0,645.0,0.24,0.0,35.0,50.0,77.0,37.0,21.2,4.7,6.4,2.1,0.4,0.427,0.388,0.811,11.6,0.196,2016
16,3rd,F,LaMarcus Aldridge,30.0,SAS,103.0,645.0,0.16,3.0,11.0,55.0,74.0,30.6,18.0,8.5,1.5,0.5,1.1,0.513,0.0,0.858,10.1,0.215,2016
18,ORV,G,James Harden,26.0,HOU,106.0,645.0,0.164,0.0,,,82.0,38.1,29.0,6.1,7.5,1.7,0.6,0.439,0.359,0.86,13.3,0.204,2016
19,ORV,F,Paul Millsap,30.0,ATL,84.0,645.0,0.13,0.0,,,81.0,32.7,17.1,9.0,3.3,1.8,1.7,0.47,0.319,0.757,10.1,0.183,2016
20,ORV,C,Al Horford,29.0,ATL,76.0,645.0,0.118,2.0,,,82.0,32.1,15.2,7.3,3.2,0.8,1.5,0.505,0.344,0.798,9.4,0.172,2016
21,ORV,C,Anthony Davis,22.0,NOP,76.0,645.0,0.118,1.0,,,61.0,35.5,24.3,10.3,1.9,1.3,2.0,0.493,0.324,0.758,7.2,0.16,2016
22,ORV,C,Karl-Anthony Towns,20.0,MIN,44.0,645.0,0.068,0.0,,,82.0,32.0,18.3,10.5,2.0,0.7,1.7,0.542,0.341,0.811,8.3,0.151,2016
23,ORV,G,DeMar DeRozan,26.0,TOR,26.0,645.0,0.04,0.0,,,78.0,35.9,23.5,4.5,4.0,1.0,0.3,0.446,0.338,0.85,9.9,0.169,2016
24,ORV,C,Hassan Whiteside,26.0,MIA,24.0,645.0,0.037,1.0,,,73.0,29.1,14.2,11.8,0.4,0.6,3.7,0.606,,0.65,10.3,0.233,2016
25,ORV,G,Isaiah Thomas,26.0,BOS,20.0,645.0,0.031,0.0,,,82.0,32.2,22.2,3.0,6.2,1.1,0.1,0.428,0.359,0.871,9.7,0.177,2016
26,ORV,F,Pau Gasol,35.0,CHI,16.0,645.0,0.025,2.0,,,72.0,31.8,16.5,11.0,4.1,0.6,2.0,0.469,0.348,0.792,7.1,0.149,2016
27,ORV,G,Jimmy Butler,26.0,CHI,12.0,645.0,0.019,0.0,,,67.0,36.9,20.9,5.3,4.8,1.6,0.6,0.454,0.312,0.832,9.1,0.177,2016
28,ORV,F,Dirk Nowitzki,37.0,DAL,8.0,645.0,0.012,0.0,,,75.0,31.5,18.3,6.5,1.8,0.7,0.7,0.448,0.368,0.893,6.8,0.138,2016
29,ORV,G,John Wall,25.0,WAS,7.0,645.0,0.011,0.0,,,77.0,36.2,19.9,4.9,10.2,1.9,0.8,0.424,0.351,0.791,5.7,0.098,2016
30,ORV,G,Kemba Walker,25.0,CHO,6.0,645.0,0.009,0.0,,,81.0,35.6,20.9,4.4,5.2,1.6,0.5,0.427,0.371,0.847,9.9,0.165,2016
31,ORV,F,Tim Duncan,39.0,SAS,3.0,645.0,0.005,0.0,,,61.0,25.2,8.6,7.3,2.7,0.8,1.3,0.488,0.0,0.702,5.2,0.163,2016
32,ORV,F,Gordon Hayward,25.0,UTA,3.0,645.0,0.005,0.0,,,80.0,36.2,19.7,5.0,3.7,1.2,0.3,0.433,0.349,0.824,8.9,0.147,2016
33,ORV,C,Dwight Howard,30.0,HOU,3.0,645.0,0.005,0.0,,,71.0,32.1,13.7,11.8,1.4,1.0,1.6,0.62,0.0,0.489,6.6,0.138,2016
34,ORV,F,Carmelo Anthony,31.0,NYK,2.0,645.0,0.003,0.0,0.0,2.0,72.0,35.1,21.8,7.7,4.2,0.9,0.5,0.434,0.339,0.829,6.4,0.121,2016
35,ORV,C,Marc Gasol,31.0,MEM,2.0,645.0,0.003,0.0,0.0,2.0,52.0,34.4,16.6,7.0,3.8,1.0,1.3,0.464,0.667,0.829,3.7,0.098,2016
36,ORV,C,Andrew Bogut,31.0,GSW,1.0,645.0,0.002,0.0,0.0,1.0,70.0,20.7,5.4,7.0,2.3,0.5,1.6,0.627,1.0,0.48,5.4,0.18,2016
37,ORV,F,Blake Griffin,26.0,LAC,1.0,645.0,0.002,0.0,0.0,1.0,35.0,33.4,21.4,8.4,4.9,0.8,0.5,0.499,0.333,0.727,3.8,0.156,2016
38,ORV,C,Brook Lopez,27.0,BRK,1.0,645.0,0.002,0.0,0.0,1.0,73.0,33.7,20.6,7.8,2.0,0.8,1.7,0.511,0.143,0.787,6.2,0.121,2016
39,ORV,G,Tony Parker,33.0,SAS,1.0,645.0,0.002,0.0,0.0,1.0,72.0,27.5,11.9,2.4,5.3,0.8,0.2,0.493,0.415,0.76,5.8,0.142,2016
0,1st,G,James Harden,27.0,HOU,500.0,500.0,1.0,100.0,0.0,0.0,81.0,36.4,29.1,8.1,11.2,1.5,0.5,0.44,0.347,0.847,15.0,0.245,2017
1,1st,F,LeBron James,32.0,CLE,498.0,500.0,0.996,99.0,1.0,0.0,74.0,37.8,26.4,8.6,8.7,1.2,0.6,0.548,0.363,0.674,12.9,0.221,2017
2,1st,G,Russell Westbrook,28.0,OKC,498.0,500.0,0.996,99.0,1.0,0.0,81.0,34.6,31.6,10.7,10.4,1.6,0.4,0.425,0.343,0.845,13.1,0.224,2017
3,1st,F,Kawhi Leonard,25.0,SAS,490.0,500.0,0.98,96.0,3.0,1.0,74.0,33.4,25.5,5.8,3.5,1.8,0.7,0.485,0.38,0.88,13.6,0.264,2017
4,1st,C,Anthony Davis,23.0,NOP,343.0,500.0,0.686,45.0,34.0,16.0,75.0,36.1,28.0,11.8,2.1,1.3,2.2,0.505,0.299,0.802,11.0,0.195,2017
6,2nd,C,Rudy Gobert,24.0,UTA,339.0,500.0,0.678,43.0,38.0,10.0,81.0,33.9,14.0,12.8,1.2,0.6,2.6,0.661,0.0,0.653,14.3,0.25,2017
7,2nd,G,Stephen Curry,28.0,GSW,290.0,500.0,0.58,1.0,93.0,6.0,79.0,33.4,25.3,4.5,6.6,1.8,0.2,0.468,0.411,0.898,12.6,0.229,2017
8,2nd,F,Giannis Antetokounmpo,22.0,MIL,258.0,500.0,0.516,0.0,81.0,15.0,80.0,35.6,22.9,8.8,5.4,1.6,1.9,0.521,0.272,0.77,12.4,0.21,2017
9,2nd,F,Kevin Durant,28.0,GSW,239.0,500.0,0.478,3.0,66.0,26.0,62.0,33.4,25.1,8.3,4.8,1.1,1.6,0.537,0.375,0.875,12.0,0.278,2017
10,2nd,G,Isaiah Thomas,27.0,BOS,236.0,500.0,0.472,0.0,71.0,23.0,76.0,33.8,28.9,2.7,5.9,0.9,0.2,0.463,0.379,0.909,12.5,0.234,2017
12,3rd,F,Draymond Green,26.0,GSW,134.0,500.0,0.268,4.0,21.0,51.0,76.0,32.5,10.2,7.9,7.0,2.0,1.4,0.418,0.308,0.709,8.2,0.16,2017
13,3rd,G,John Wall,26.0,WAS,125.0,500.0,0.25,0.0,19.0,68.0,78.0,36.4,23.1,4.2,10.7,2.0,0.6,0.451,0.327,0.801,8.8,0.149,2017
14,3rd,F,Jimmy Butler,27.0,CHI,102.0,500.0,0.204,0.0,19.0,45.0,76.0,37.0,23.9,6.2,5.5,1.9,0.4,0.455,0.367,0.865,13.8,0.236,2017
15,3rd,G,DeMar DeRozan,27.0,TOR,62.0,500.0,0.124,0.0,4.0,50.0,74.0,35.4,27.3,5.2,3.9,1.1,0.2,0.467,0.266,0.842,9.0,0.166,2017
16,3rd,C,DeAndre Jordan,28.0,LAC,54.0,500.0,0.108,3.0,7.0,18.0,81.0,31.7,12.7,13.8,1.2,0.6,1.7,0.714,0.0,0.482,11.8,0.221,2017
18,ORV,C,Karl-Anthony Towns,21.0,MIN,50.0,500.0,0.1,2.0,,,82.0,37.0,25.1,12.3,2.7,0.7,1.3,0.542,0.367,0.832,12.7,0.201,2017
19,ORV,G,Chris Paul,31.0,LAC,49.0,500.0,0.098,0.0,,,61.0,31.5,18.1,5.0,9.2,2.0,0.1,0.476,0.411,0.892,10.6,0.264,2017
20,ORV,C,Marc Gasol,32.0,MEM,48.0,500.0,0.096,2.0,,,74.0,34.2,19.5,6.3,4.6,0.9,1.3,0.459,0.388,0.837,7.7,0.145,2017
21,ORV,C,DeMarcus Cousins,26.0,TOT,42.0,500.0,0.084,2.0,,,72.0,34.2,27.0,11.0,4.6,1.4,1.3,0.452,0.361,0.772,7.6,0.149,2017
22,ORV,F,Paul George,26.0,IND,40.0,500.0,0.08,0.0,,,75.0,35.9,23.7,6.6,3.3,1.6,0.4,0.461,0.393,0.898,7.1,0.126,2017
23,ORV,F,Gordon Hayward,26.0,UTA,27.0,500.0,0.054,0.0,,,73.0,34.5,21.9,5.4,3.5,1.0,0.3,0.471,0.398,0.844,10.4,0.199,2017
24,ORV,C,Hassan Whiteside,27.0,MIA,18.0,500.0,0.036,0.0,,,77.0,32.6,17.0,14.1,0.7,0.7,2.1,0.557,,0.628,9.5,0.181,2017
25,ORV,G,Kyrie Irving,24.0,CLE,14.0,500.0,0.028,0.0,,,72.0,35.1,25.2,3.2,5.8,1.2,0.3,0.473,0.401,0.905,8.9,0.17,2017
26,ORV,G,Klay Thompson,26.0,GSW,14.0,500.0,0.028,0.0,,,78.0,34.0,22.3,3.7,2.1,0.8,0.5,0.468,0.414,0.853,7.1,0.129,2017
27,ORV,C,Nikola Jokić,21.0,DEN,12.0,500.0,0.024,1.0,,,73.0,27.9,16.7,9.8,4.9,0.8,0.8,0.578,0.324,0.825,9.7,0.228,2017
28,ORV,G,Damian Lillard,26.0,POR,12.0,500.0,0.024,0.0,,,75.0,35.9,27.0,4.9,5.9,0.9,0.3,0.444,0.37,0.895,10.4,0.185,2017
29,ORV,F,Paul Millsap,31.0,ATL,3.0,500.0,0.006,0.0,,,69.0,34.0,18.1,7.7,3.7,1.3,0.9,0.442,0.311,0.768,6.4,0.132,2017
30,ORV,F,LaMarcus Aldridge,31.0,SAS,1.0,500.0,0.002,0.0,0.0,1.0,72.0,32.4,17.3,7.3,1.9,0.6,1.2,0.477,0.411,0.812,7.2,0.149,2017
31,ORV,F,Blake Griffin,27.0,LAC,1.0,500.0,0.002,0.0,0.0,1.0,61.0,34.0,21.6,8.1,4.9,0.9,0.4,0.493,0.336,0.76,7.7,0.179,2017
32,ORV,C,Al Horford,30.0,BOS,1.0,500.0,0.002,0.0,0.0,1.0,68.0,32.3,14.0,6.8,5.0,0.8,1.3,0.473,0.355,0.8,6.3,0.138,2017
0,1st,G,James Harden,28.0,HOU,500.0,500.0,1.0,100.0,0.0,0.0,72.0,35.4,30.4,5.4,8.8,1.8,0.7,0.449,0.367,0.858,15.4,0.289,2018
1,1st,F,LeBron James,33.0,CLE,500.0,500.0,1.0,100.0,0.0,0.0,82.0,36.9,27.5,8.6,9.1,1.4,0.9,0.542,0.367,0.731,14.0,0.221,2018
2,1st,C,Anthony Davis,24.0,NOP,492.0,500.0,0.984,96.0,4.0,0.0,75.0,36.4,28.1,11.1,2.3,1.5,2.6,0.534,0.34,0.828,13.7,0.241,2018
3,1st,G,Damian Lillard,27.0,POR,432.0,500.0,0.864,71.0,24.0,5.0,73.0,36.6,26.9,4.5,6.6,1.1,0.4,0.439,0.361,0.916,12.6,0.227,2018
4,1st,F,Kevin Durant,29.0,GSW,426.0,500.0,0.852,63.0,37.0,0.0,68.0,34.2,26.4,6.8,5.4,0.7,1.8,0.516,0.419,0.889,10.4,0.215,2018
6,2nd,F,Giannis Antetokounmpo,23.0,MIL,354.0,500.0,0.708,28.0,71.0,1.0,75.0,36.7,26.9,10.0,4.8,1.5,1.4,0.529,0.307,0.76,11.9,0.207,2018
7,2nd,G,Russell Westbrook,29.0,OKC,322.0,500.0,0.644,24.0,63.0,13.0,80.0,36.4,25.4,10.1,10.3,1.8,0.3,0.449,0.298,0.737,10.1,0.166,2018
8,2nd,C,Joel Embiid,23.0,PHI,294.0,500.0,0.588,11.0,78.0,5.0,63.0,30.3,22.9,11.0,3.2,0.6,1.8,0.483,0.308,0.769,6.2,0.155,2018
9,2nd,F,LaMarcus Aldridge,32.0,SAS,236.0,500.0,0.472,2.0,68.0,22.0,75.0,33.5,23.1,8.5,2.0,0.6,1.2,0.51,0.293,0.837,10.9,0.209,2018
10,2nd,G,DeMar DeRozan,28.0,TOR,165.0,500.0,0.33,2.0,39.0,38.0,80.0,33.9,23.0,3.9,5.2,1.1,0.3,0.456,0.31,0.825,9.6,0.17,2018
12,3rd,G,Stephen Curry,29.0,GSW,164.0,500.0,0.328,2.0,39.0,37.0,51.0,32.0,26.4,5.1,6.1,1.6,0.2,0.495,0.423,0.921,9.1,0.267,2018
13,3rd,G,Victor Oladipo,25.0,IND,105.0,500.0,0.21,0.0,24.0,33.0,75.0,34.0,23.1,5.2,4.3,2.4,0.8,0.477,0.371,0.799,8.2,0.155,2018
14,3rd,C,Karl-Anthony Towns,22.0,MIN,99.0,500.0,0.198,0.0,18.0,45.0,82.0,35.6,21.3,12.3,2.4,0.8,1.4,0.545,0.421,0.858,14.0,0.23,2018
15,3rd,F,Jimmy Butler,28.0,MIN,81.0,500.0,0.162,1.0,8.0,52.0,59.0,36.7,22.2,5.3,4.9,2.0,0.4,0.474,0.35,0.854,8.9,0.198,2018
16,3rd,F,Paul George,27.0,OKC,54.0,500.0,0.108,0.0,4.0,42.0,79.0,36.6,21.9,5.7,3.3,2.0,0.5,0.43,0.401,0.822,8.9,0.147,2018
18,ORV,G,Chris Paul,32.0,HOU,54.0,500.0,0.108,0.0,,,58.0,31.8,18.6,5.4,7.9,1.7,0.2,0.46,0.38,0.919,10.2,0.265,2018
19,ORV,C,Rudy Gobert,25.0,UTA,51.0,500.0,0.102,0.0,,,56.0,32.4,13.5,10.7,1.4,0.8,2.3,0.622,,0.682,8.1,0.214,2018
20,ORV,G,Kyrie Irving,25.0,BOS,42.0,500.0,0.084,0.0,,,60.0,32.2,24.4,3.8,5.1,1.1,0.3,0.491,0.408,0.889,8.9,0.222,2018
21,ORV,F,Ben Simmons,21.0,PHI,36.0,500.0,0.072,0.0,,,81.0,33.7,15.8,8.1,8.2,1.7,0.9,0.545,0.0,0.56,9.2,0.162,2018
22,ORV,C,Al Horford,31.0,BOS,32.0,500.0,0.064,0.0,,,72.0,31.6,12.9,7.4,4.7,0.6,1.1,0.489,0.429,0.783,7.8,0.165,2018
23,ORV,C,Nikola Jokić,22.0,DEN,28.0,500.0,0.056,0.0,,,75.0,32.6,18.5,10.7,6.1,1.2,0.8,0.499,0.396,0.85,10.7,0.211,2018
24,ORV,C,Andre Drummond,24.0,DET,7.0,500.0,0.014,0.0,,,78.0,33.7,15.0,16.0,3.0,1.5,1.6,0.529,0.0,0.605,10.3,0.189,2018
25,ORV,C,Clint Capela,23.0,HOU,6.0,500.0,0.012,0.0,,,74.0,27.5,13.9,10.8,0.9,0.8,1.9,0.652,0.0,0.56,10.2,0.242,2018
26,ORV,F,Draymond Green,27.0,GSW,6.0,500.0,0.012,0.0,,,70.0,32.7,11.0,7.6,7.3,1.4,1.3,0.454,0.301,0.775,6.1,0.127,2018
27,ORV,G,Kyle Lowry,31.0,TOR,3.0,500.0,0.006,0.0,,,78.0,32.2,16.2,5.6,6.9,1.1,0.2,0.427,0.399,0.854,10.2,0.194,2018
28,ORV,C,Steven Adams,24.0,OKC,2.0,500.0,0.004,0.0,,,76.0,32.7,13.9,9.0,1.2,1.2,1.0,0.629,0.0,0.559,9.7,0.187,2018
29,ORV,G,Donovan Mitchell,21.0,UTA,2.0,500.0,0.004,0.0,,,79.0,33.4,20.5,3.7,3.7,1.5,0.3,0.437,0.34,0.805,5.2,0.095,2018
30,ORV,G,Klay Thompson,27.0,GSW,2.0,500.0,0.004,0.0,,,73.0,34.3,20.0,3.8,2.5,0.8,0.5,0.488,0.44,0.837,4.9,0.094,2018
31,ORV,F,Trevor Ariza,32.0,HOU,1.0,500.0,0.002,0.0,,,67.0,33.9,11.7,4.4,1.6,1.5,0.2,0.412,0.368,0.854,5.3,0.113,2018
32,ORV,C,DeMarcus Cousins,27.0,NOP,1.0,500.0,0.002,0.0,,,48.0,36.2,25.2,12.9,5.4,1.6,1.6,0.47,0.354,0.746,4.7,0.13,2018
33,ORV,C,Dwight Howard,32.0,CHO,1.0,500.0,0.002,0.0,,,81.0,30.4,16.6,12.5,1.3,0.6,1.6,0.555,0.143,0.574,6.8,0.132,2018
34,ORV,F,Kevin Love,29.0,CLE,1.0,500.0,0.002,0.0,,,59.0,28.0,17.6,9.3,1.7,0.7,0.4,0.458,0.415,0.88,6.4,0.185,2018
35,ORV,F,Kristaps Porziņģis,22.0,NYK,1.0,500.0,0.002,0.0,,,48.0,32.4,22.7,6.6,1.2,0.8,2.4,0.439,0.395,0.793,3.2,0.099,2018
0,1st,F,Giannis Antetokounmpo,24.0,MIL,500.0,500.0,1.0,100.0,0.0,0.0,72.0,32.8,27.7,12.5,5.9,1.3,1.5,0.578,0.256,0.729,14.4,0.292,2019
1,1st,G,James Harden,29.0,HOU,500.0,500.0,1.0,100.0,0.0,0.0,78.0,36.8,36.1,6.6,7.5,2.0,0.7,0.442,0.368,0.879,15.2,0.254,2019
2,1st,G,Stephen Curry,30.0,GSW,482.0,500.0,0.964,91.0,9.0,0.0,69.0,33.8,27.3,5.3,5.2,1.3,0.4,0.472,0.437,0.916,9.7,0.199,2019
3,1st,F,Paul George,28.0,OKC,433.0,500.0,0.866,71.0,25.0,3.0,77.0,36.9,28.0,8.2,4.1,2.2,0.4,0.438,0.386,0.839,11.9,0.201,2019
4,1st,C,Nikola Jokić,23.0,DEN,411.0,500.0,0.822,59.0,38.0,2.0,80.0,31.3,20.1,10.8,7.3,1.4,0.7,0.511,0.307,0.821,11.8,0.226,2019
6,2nd,C,Joel Embiid,24.0,PHI,375.0,500.0,0.75,40.0,57.0,4.0,64.0,33.7,27.5,13.6,3.7,0.7,1.9,0.484,0.3,0.804,8.7,0.194,2019
7,2nd,F,Kevin Durant,30.0,GSW,358.0,500.0,0.716,29.0,71.0,0.0,78.0,34.6,26.0,6.4,5.9,0.7,1.1,0.521,0.353,0.885,11.5,0.204,2019
8,2nd,G,Damian Lillard,28.0,POR,306.0,500.0,0.612,8.0,87.0,5.0,80.0,35.5,25.8,4.6,6.9,1.1,0.4,0.444,0.369,0.912,12.1,0.205,2019
9,2nd,F,Kawhi Leonard,27.0,TOR,242.0,500.0,0.484,0.0,73.0,23.0,60.0,34.0,26.6,7.3,3.3,1.8,0.4,0.496,0.371,0.854,9.5,0.224,2019
10,2nd,G,Kyrie Irving,26.0,BOS,195.0,500.0,0.39,0.0,52.0,39.0,67.0,33.0,23.8,5.0,6.9,1.5,0.5,0.487,0.401,0.873,9.1,0.197,2019
12,3rd,G,Russell Westbrook,30.0,OKC,178.0,500.0,0.356,1.0,43.0,44.0,73.0,36.0,22.9,11.1,10.7,1.9,0.5,0.428,0.29,0.656,6.8,0.124,2019
13,3rd,F,Blake Griffin,29.0,DET,115.0,500.0,0.23,0.0,13.0,76.0,75.0,35.0,24.5,7.5,5.4,0.7,0.4,0.462,0.362,0.753,8.0,0.147,2019
14,3rd,F,LeBron James,34.0,LAL,111.0,500.0,0.222,0.0,13.0,72.0,55.0,35.2,27.4,8.5,8.3,1.3,0.6,0.51,0.339,0.665,7.2,0.179,2019
15,3rd,C,Rudy Gobert,26.0,UTA,89.0,500.0,0.178,1.0,5.0,69.0,81.0,31.8,15.9,12.9,2.0,0.8,2.3,0.669,,0.636,14.4,0.268,2019
16,3rd,G,Kemba Walker,28.0,CHO,51.0,500.0,0.102,0.0,4.0,39.0,82.0,34.9,25.6,4.4,5.9,1.2,0.4,0.434,0.356,0.844,7.4,0.123,2019
18,ORV,G,Bradley Beal,25.0,WAS,34.0,500.0,0.068,0.0,1.0,31.0,82.0,36.9,25.6,5.0,5.5,1.5,0.7,0.475,0.351,0.808,7.6,0.12,2019
19,ORV,G,Klay Thompson,28.0,GSW,27.0,500.0,0.054,0.0,3.0,18.0,78.0,34.0,21.5,3.8,2.4,1.1,0.6,0.467,0.402,0.816,5.3,0.095,2019
20,ORV,C,Karl-Anthony Towns,23.0,MIN,20.0,500.0,0.04,0.0,0.0,20.0,77.0,33.1,24.4,12.4,3.4,0.9,1.6,0.518,0.4,0.836,10.4,0.197,2019
21,ORV,F,LaMarcus Aldridge,33.0,SAS,17.0,500.0,0.034,0.0,2.0,11.0,81.0,33.2,21.3,9.2,2.4,0.5,1.3,0.519,0.238,0.847,9.3,0.167,2019
22,ORV,F,Danilo Gallinari,30.0,LAC,7.0,500.0,0.014,0.0,1.0,4.0,68.0,30.3,19.8,6.1,2.6,0.7,0.3,0.463,0.433,0.904,8.2,0.191,2019
23,ORV,G,Ben Simmons,22.0,PHI,7.0,500.0,0.014,0.0,0.0,7.0,79.0,34.2,16.9,8.8,7.7,1.4,0.8,0.563,0.0,0.6,8.2,0.146,2019
24,ORV,G,Mike Conley,31.0,MEM,4.0,500.0,0.008,0.0,0.0,4.0,70.0,33.5,21.1,3.4,6.4,1.3,0.3,0.438,0.364,0.845,8.0,0.164,2019
25,ORV,G,Donovan Mitchell,22.0,UTA,4.0,500.0,0.008,0.0,0.0,4.0,77.0,33.7,23.8,4.1,4.2,1.4,0.4,0.432,0.362,0.806,5.0,0.092,2019
26,ORV,F,Pascal Siakam,24.0,TOR,4.0,500.0,0.008,0.0,0.0,4.0,80.0,31.9,16.9,6.9,3.1,0.9,0.7,0.549,0.369,0.785,9.3,0.175,2019
27,ORV,C,Nikola Vučević,28.0,ORL,4.0,500.0,0.008,0.0,0.0,4.0,80.0,31.4,20.8,12.0,3.8,1.0,1.1,0.518,0.364,0.789,10.1,0.193,2019
28,ORV,F,Luka Dončić,19.0,DAL,3.0,500.0,0.006,0.0,1.0,0.0,72.0,32.2,21.2,7.8,6.0,1.1,0.3,0.427,0.327,0.713,4.9,0.101,2019
29,ORV,C,Andre Drummond,25.0,DET,3.0,500.0,0.006,0.0,1.0,0.0,79.0,33.5,17.3,15.6,1.4,1.7,1.7,0.533,0.132,0.59,10.0,0.181,2019
30,ORV,G,Dwyane Wade,37.0,MIA,3.0,500.0,0.006,0.0,1.0,0.0,72.0,26.2,15.0,4.0,4.2,0.8,0.5,0.433,0.33,0.708,2.4,0.061,2019
31,ORV,G,DeMar DeRozan,29.0,SAS,3.0,500.0,0.006,0.0,0.0,3.0,77.0,34.9,21.2,6.0,6.2,1.1,0.5,0.481,0.156,0.83,6.3,0.112,2019
32,ORV,G,D'Angelo Russell,22.0,BRK,3.0,500.0,0.006,0.0,0.0,0.0,81.0,30.2,21.1,3.9,7.0,1.2,0.2,0.434,0.369,0.78,5.0,0.097,2019
33,ORV,F,Tobias Harris,26.0,TOT,2.0,500.0,0.004,0.0,0.0,2.0,82.0,34.7,20.0,7.9,2.8,0.6,0.5,0.487,0.397,0.866,7.1,0.12,2019
34,ORV,F,Marvin Bagley III,19.0,SAC,1.0,500.0,0.002,0.0,0.0,1.0,62.0,25.3,14.9,7.6,1.0,0.5,1.0,0.504,0.313,0.691,3.6,0.11,2019
35,ORV,G,Devin Booker,22.0,PHO,1.0,500.0,0.002,0.0,0.0,1.0,64.0,35.0,26.6,4.1,6.8,0.9,0.2,0.467,0.326,0.866,3.5,0.076,2019
36,ORV,C,Anthony Davis,25.0,NOP,1.0,500.0,0.002,0.0,0.0,1.0,56.0,33.0,25.9,12.0,3.9,1.6,2.4,0.517,0.331,0.794,9.5,0.247,2019
37,ORV,G,Eric Gordon,30.0,HOU,1.0,500.0,0.002,0.0,0.0,1.0,68.0,31.7,16.2,2.2,1.9,0.6,0.4,0.409,0.36,0.783,2.6,0.059,2019
38,ORV,G,Jrue Holiday,28.0,NOP,1.0,500.0,0.002,0.0,0.0,1.0,67.0,35.9,21.2,5.0,7.7,1.6,0.8,0.472,0.325,0.768,5.4,0.108,2019
39,ORV,G,Kyle Lowry,32.0,TOR,1.0,500.0,0.002,0.0,0.0,1.0,65.0,34.0,14.2,4.8,8.7,1.4,0.5,0.411,0.347,0.83,6.6,0.144,2019
40,ORV,F,Domantas Sabonis,22.0,IND,1.0,500.0,0.002,0.0,0.0,1.0,74.0,24.8,14.1,9.3,2.9,0.6,0.4,0.59,0.529,0.715,7.6,0.197,2019
41,ORV,C,Myles Turner,22.0,IND,1.0,500.0,0.002,0.0,0.0,1.0,74.0,28.6,13.3,7.2,1.6,0.8,2.7,0.487,0.388,0.736,6.3,0.144,2019
42,ORV,G,Lou Williams,32.0,LAC,1.0,500.0,0.002,0.0,0.0,1.0,75.0,26.6,20.0,3.0,5.4,0.8,0.1,0.425,0.361,0.876,5.1,0.123,2019
0,1st,F,Giannis Antetokounmpo,25.0,MIL,500.0,500.0,1.0,100.0,0.0,0.0,63.0,30.4,29.5,13.6,5.6,1.0,1.0,0.553,0.304,0.633,11.1,0.279,2020
1,1st,F,LeBron James,35.0,LAL,500.0,500.0,1.0,100.0,0.0,0.0,67.0,34.6,25.3,7.8,10.2,1.2,0.5,0.493,0.348,0.693,9.8,0.204,2020
2,1st,G,James Harden,30.0,HOU,474.0,500.0,0.948,89.0,9.0,2.0,68.0,36.5,34.3,6.6,7.5,1.8,0.9,0.444,0.355,0.865,13.1,0.254,2020
3,1st,C,Anthony Davis,26.0,LAL,455.0,500.0,0.91,79.0,20.0,0.0,62.0,34.4,26.1,9.3,3.2,1.5,2.3,0.503,0.33,0.846,11.1,0.25,2020
4,1st,G,Luka Dončić,20.0,DAL,416.0,500.0,0.832,59.0,40.0,1.0,61.0,33.6,28.8,9.4,8.8,1.0,0.2,0.463,0.316,0.758,8.8,0.207,2020
6,2nd,F,Kawhi Leonard,28.0,LAC,372.0,500.0,0.744,39.0,59.0,0.0,57.0,32.4,27.1,7.1,4.9,1.8,0.6,0.47,0.378,0.886,8.7,0.226,2020
7,2nd,C,Nikola Jokić,24.0,DEN,311.0,500.0,0.622,21.0,64.0,14.0,73.0,32.0,19.9,9.7,7.0,1.2,0.6,0.528,0.314,0.817,9.8,0.202,2020
8,2nd,G,Damian Lillard,29.0,POR,284.0,500.0,0.568,6.0,82.0,8.0,66.0,37.5,30.0,4.3,8.0,1.1,0.3,0.463,0.401,0.888,11.6,0.225,2020
9,2nd,G,Chris Paul,34.0,OKC,199.0,500.0,0.398,2.0,52.0,33.0,70.0,31.5,17.6,5.0,6.7,1.6,0.2,0.489,0.365,0.907,8.9,0.193,2020
10,2nd,F,Pascal Siakam,25.0,TOR,168.0,500.0,0.336,1.0,36.0,55.0,60.0,35.2,22.9,7.3,3.5,1.0,0.9,0.453,0.359,0.792,5.4,0.123,2020
12,3rd,F,Jayson Tatum,21.0,BOS,153.0,500.0,0.306,0.0,32.0,57.0,66.0,34.3,23.4,7.0,3.0,1.4,0.9,0.45,0.403,0.812,6.9,0.146,2020
13,3rd,F,Jimmy Butler,30.0,MIA,147.0,500.0,0.294,0.0,32.0,51.0,58.0,33.8,19.9,6.7,6.0,1.8,0.6,0.455,0.244,0.834,9.0,0.221,2020
14,3rd,C,Rudy Gobert,27.0,UTA,110.0,500.0,0.22,1.0,19.0,48.0,68.0,34.3,15.1,13.5,1.5,0.8,2.0,0.693,,0.63,10.7,0.221,2020
15,3rd,G,Ben Simmons,23.0,PHI,61.0,500.0,0.122,0.0,9.0,29.0,57.0,35.4,16.4,7.8,8.0,2.1,0.6,0.58,0.286,0.621,6.9,0.165,2020
16,3rd,G,Russell Westbrook,31.0,HOU,56.0,500.0,0.112,0.0,9.0,29.0,57.0,35.9,27.2,7.9,7.0,1.6,0.4,0.472,0.258,0.763,4.2,0.098,2020
18,ORV,F,Khris Middleton,28.0,MIL,82.0,500.0,0.164,0.0,10.0,52.0,62.0,29.9,20.9,6.2,4.3,0.9,0.1,0.497,0.415,0.916,7.9,0.205,2020
19,ORV,C,Joel Embiid,25.0,PHI,79.0,500.0,0.158,3.0,14.0,22.0,51.0,29.5,23.0,11.6,3.0,0.9,1.3,0.477,0.331,0.807,6.0,0.192,2020
20,ORV,G,Bradley Beal,26.0,WAS,32.0,500.0,0.064,0.0,3.0,23.0,57.0,36.0,30.5,4.2,6.1,1.2,0.4,0.455,0.353,0.842,5.1,0.118,2020
21,ORV,G,Kyle Lowry,33.0,TOR,26.0,500.0,0.052,0.0,3.0,17.0,58.0,36.2,19.4,5.0,7.5,1.4,0.4,0.416,0.352,0.857,7.5,0.171,2020
22,ORV,C,Bam Adebayo,22.0,MIA,26.0,500.0,0.052,0.0,0.0,26.0,72.0,33.6,15.9,10.2,5.1,1.1,1.3,0.557,0.143,0.691,8.5,0.168,2020
23,ORV,G,Trae Young,21.0,ATL,13.0,500.0,0.026,0.0,1.0,10.0,60.0,35.3,29.6,4.3,9.3,1.1,0.1,0.437,0.361,0.86,5.9,0.133,2020
24,ORV,G,Donovan Mitchell,23.0,UTA,10.0,500.0,0.02,0.0,1.0,7.0,69.0,34.3,24.0,4.4,4.3,1.0,0.2,0.449,0.366,0.863,5.4,0.11,2020
25,ORV,F,Paul George,29.0,LAC,7.0,500.0,0.014,0.0,2.0,1.0,48.0,29.6,21.5,5.7,3.9,1.4,0.4,0.439,0.412,0.876,4.8,0.161,2020
26,ORV,F,Brandon Ingram,22.0,NOP,5.0,500.0,0.01,0.0,1.0,2.0,62.0,33.9,23.8,6.1,4.2,1.0,0.6,0.463,0.391,0.851,5.1,0.115,2020
27,ORV,G,Kemba Walker,29.0,BOS,4.0,500.0,0.008,0.0,1.0,1.0,56.0,31.1,20.4,3.9,4.8,0.9,0.5,0.425,0.381,0.864,5.9,0.162,2020
28,ORV,C,Andre Drummond,26.0,TOT,3.0,500.0,0.006,0.0,1.0,0.0,57.0,33.0,17.7,15.2,2.7,1.9,1.6,0.533,0.143,0.575,4.2,0.108,2020
29,ORV,G,Devin Booker,23.0,PHO,3.0,500.0,0.006,0.0,0.0,3.0,70.0,35.9,26.6,4.2,6.5,0.7,0.3,0.489,0.354,0.919,7.5,0.143,2020
30,ORV,C,Karl-Anthony Towns*,24.0,MIN,2.0,500.0,0.004,0.0,0.0,2.0,35.0,33.9,26.5,10.8,4.4,0.9,1.2,0.508,0.412,0.796,5.1,0.204,2020
31,ORV,G,Zach LaVine,24.0,CHI,1.0,500.0,0.002,0.0,0.0,1.0,60.0,34.8,25.5,4.8,4.2,1.5,0.5,0.45,0.38,0.802,4.0,0.091,2020
32,ORV,C,Brook Lopez,31.0,MIL,1.0,500.0,0.002,0.0,0.0,1.0,68.0,26.7,12.0,4.6,1.5,0.7,2.4,0.435,0.314,0.836,5.5,0.145,2020
0,1st,F,Giannis Antetokounmpo,25.0,MIL,500.0,500.0,1.0,100.0,0.0,0.0,63.0,30.4,29.5,13.6,5.6,1.0,1.0,0.553,0.304,0.633,11.1,0.279,2021
1,1st,F,LeBron James,35.0,LAL,500.0,500.0,1.0,100.0,0.0,0.0,67.0,34.6,25.3,7.8,10.2,1.2,0.5,0.493,0.348,0.693,9.8,0.204,2021
2,1st,G,James Harden,30.0,HOU,474.0,500.0,0.948,89.0,9.0,2.0,68.0,36.5,34.3,6.6,7.5,1.8,0.9,0.444,0.355,0.865,13.1,0.254,2021
3,1st,C,Anthony Davis,26.0,LAL,455.0,500.0,0.91,79.0,20.0,0.0,62.0,34.4,26.1,9.3,3.2,1.5,2.3,0.503,0.33,0.846,11.1,0.25,2021
4,1st,G,Luka Dončić,20.0,DAL,416.0,500.0,0.832,59.0,40.0,1.0,61.0,33.6,28.8,9.4,8.8,1.0,0.2,0.463,0.316,0.758,8.8,0.207,2021
6,2nd,F,Kawhi Leonard,28.0,LAC,372.0,500.0,0.744,39.0,59.0,0.0,57.0,32.4,27.1,7.1,4.9,1.8,0.6,0.47,0.378,0.886,8.7,0.226,2021
7,2nd,C,Nikola Jokić,24.0,DEN,311.0,500.0,0.622,21.0,64.0,14.0,73.0,32.0,19.9,9.7,7.0,1.2,0.6,0.528,0.314,0.817,9.8,0.202,2021
8,2nd,G,Damian Lillard,29.0,POR,284.0,500.0,0.568,6.0,82.0,8.0,66.0,37.5,30.0,4.3,8.0,1.1,0.3,0.463,0.401,0.888,11.6,0.225,2021
9,2nd,G,Chris Paul,34.0,OKC,199.0,500.0,0.398,2.0,52.0,33.0,70.0,31.5,17.6,5.0,6.7,1.6,0.2,0.489,0.365,0.907,8.9,0.193,2021
10,2nd,F,Pascal Siakam,25.0,TOR,168.0,500.0,0.336,1.0,36.0,55.0,60.0,35.2,22.9,7.3,3.5,1.0,0.9,0.453,0.359,0.792,5.4,0.123,2021
12,3rd,F,Jayson Tatum,21.0,BOS,153.0,500.0,0.306,0.0,32.0,57.0,66.0,34.3,23.4,7.0,3.0,1.4,0.9,0.45,0.403,0.812,6.9,0.146,2021
13,3rd,F,Jimmy Butler,30.0,MIA,147.0,500.0,0.294,0.0,32.0,51.0,58.0,33.8,19.9,6.7,6.0,1.8,0.6,0.455,0.244,0.834,9.0,0.221,2021
14,3rd,C,Rudy Gobert,27.0,UTA,110.0,500.0,0.22,1.0,19.0,48.0,68.0,34.3,15.1,13.5,1.5,0.8,2.0,0.693,,0.63,10.7,0.221,2021
15,3rd,G,Ben Simmons,23.0,PHI,61.0,500.0,0.122,0.0,9.0,29.0,57.0,35.4,16.4,7.8,8.0,2.1,0.6,0.58,0.286,0.621,6.9,0.165,2021
16,3rd,G,Russell Westbrook,31.0,HOU,56.0,500.0,0.112,0.0,9.0,29.0,57.0,35.9,27.2,7.9,7.0,1.6,0.4,0.472,0.258,0.763,4.2,0.098,2021
18,ORV,F,Khris Middleton,28.0,MIL,82.0,500.0,0.164,0.0,10.0,52.0,62.0,29.9,20.9,6.2,4.3,0.9,0.1,0.497,0.415,0.916,7.9,0.205,2021
19,ORV,C,Joel Embiid,25.0,PHI,79.0,500.0,0.158,3.0,14.0,22.0,51.0,29.5,23.0,11.6,3.0,0.9,1.3,0.477,0.331,0.807,6.0,0.192,2021
20,ORV,G,Bradley Beal,26.0,WAS,32.0,500.0,0.064,0.0,3.0,23.0,57.0,36.0,30.5,4.2,6.1,1.2,0.4,0.455,0.353,0.842,5.1,0.118,2021
21,ORV,G,Kyle Lowry,33.0,TOR,26.0,500.0,0.052,0.0,3.0,17.0,58.0,36.2,19.4,5.0,7.5,1.4,0.4,0.416,0.352,0.857,7.5,0.171,2021
22,ORV,C,Bam Adebayo,22.0,MIA,26.0,500.0,0.052,0.0,0.0,26.0,72.0,33.6,15.9,10.2,5.1,1.1,1.3,0.557,0.143,0.691,8.5,0.168,2021
23,ORV,G,Trae Young,21.0,ATL,13.0,500.0,0.026,0.0,1.0,10.0,60.0,35.3,29.6,4.3,9.3,1.1,0.1,0.437,0.361,0.86,5.9,0.133,2021
24,ORV,G,Donovan Mitchell,23.0,UTA,10.0,500.0,0.02,0.0,1.0,7.0,69.0,34.3,24.0,4.4,4.3,1.0,0.2,0.449,0.366,0.863,5.4,0.11,2021
25,ORV,F,Paul George,29.0,LAC,7.0,500.0,0.014,0.0,2.0,1.0,48.0,29.6,21.5,5.7,3.9,1.4,0.4,0.439,0.412,0.876,4.8,0.161,2021
26,ORV,F,Brandon Ingram,22.0,NOP,5.0,500.0,0.01,0.0,1.0,2.0,62.0,33.9,23.8,6.1,4.2,1.0,0.6,0.463,0.391,0.851,5.1,0.115,2021
27,ORV,G,Kemba Walker,29.0,BOS,4.0,500.0,0.008,0.0,1.0,1.0,56.0,31.1,20.4,3.9,4.8,0.9,0.5,0.425,0.381,0.864,5.9,0.162,2021
28,ORV,C,Andre Drummond,26.0,TOT,3.0,500.0,0.006,0.0,1.0,0.0,57.0,33.0,17.7,15.2,2.7,1.9,1.6,0.533,0.143,0.575,4.2,0.108,2021
29,ORV,G,Devin Booker,23.0,PHO,3.0,500.0,0.006,0.0,0.0,3.0,70.0,35.9,26.6,4.2,6.5,0.7,0.3,0.489,0.354,0.919,7.5,0.143,2021
30,ORV,C,Karl-Anthony Towns*,24.0,MIN,2.0,500.0,0.004,0.0,0.0,2.0,35.0,33.9,26.5,10.8,4.4,0.9,1.2,0.508,0.412,0.796,5.1,0.204,2021
31,ORV,G,Zach LaVine,24.0,CHI,1.0,500.0,0.002,0.0,0.0,1.0,60.0,34.8,25.5,4.8,4.2,1.5,0.5,0.45,0.38,0.802,4.0,0.091,2021
32,ORV,C,Brook Lopez,31.0,MIL,1.0,500.0,0.002,0.0,0.0,1.0,68.0,26.7,12.0,4.6,1.5,0.7,2.4,0.435,0.314,0.836,5.5,0.145,2021
1,1T,F,Giannis Antetokounmpo,27.0,MIL,500.0,500.0,1.0,100.0,0.0,0.0,67.0,32.9,29.9,11.6,5.8,1.1,1.4,0.553,0.293,0.722,12.9,0.281,2022
2,1T,G,Luka Dončić,22.0,DAL,476.0,500.0,0.952,88.0,12.0,0.0,65.0,35.4,28.4,9.1,8.7,1.2,0.6,0.457,0.353,0.744,7.6,0.159,2022
3,1T,C,Nikola Jokić,26.0,DEN,476.0,500.0,0.952,88.0,12.0,0.0,74.0,33.5,27.1,13.8,7.9,1.5,0.9,0.583,0.337,0.81,15.2,0.296,2022
4,1T,G,Devin Booker,25.0,PHO,460.0,500.0,0.92,82.0,16.0,2.0,68.0,34.5,26.8,5.0,4.8,1.1,0.4,0.466,0.383,0.868,7.6,0.156,2022
5,1T,F,Jayson Tatum,23.0,BOS,390.0,500.0,0.78,49.0,47.0,4.0,76.0,35.9,26.9,8.0,4.4,1.0,0.6,0.453,0.353,0.853,9.6,0.169,2022
7,2T,C,Joel Embiid,27.0,PHI,414.0,500.0,0.828,57.0,43.0,0.0,68.0,33.8,30.6,11.7,4.2,1.1,1.5,0.499,0.371,0.814,12.0,0.252,2022
8,2T,G,Ja Morant,22.0,MEM,301.0,500.0,0.602,13.0,76.0,8.0,57.0,33.1,27.4,5.7,6.7,1.2,0.4,0.493,0.344,0.761,6.7,0.171,2022
9,2T,F,Kevin Durant,33.0,BRK,276.0,500.0,0.552,10.0,68.0,22.0,55.0,37.2,29.9,7.4,6.4,0.9,0.9,0.518,0.383,0.91,8.4,0.198,2022
10,2T,G,Stephen Curry,33.0,GSW,274.0,500.0,0.548,9.0,69.0,22.0,64.0,34.5,25.5,5.2,6.3,1.3,0.4,0.437,0.38,0.923,8.0,0.173,2022
11,2T,F,DeMar DeRozan,32.0,CHI,184.0,500.0,0.368,2.0,39.0,57.0,76.0,36.1,27.9,5.2,4.9,0.9,0.3,0.504,0.352,0.877,8.8,0.154,2022
13,3T,C,Karl-Anthony Towns,26.0,MIN,174.0,500.0,0.348,0.0,38.0,60.0,74.0,33.5,24.6,9.8,3.6,1.0,1.1,0.529,0.41,0.822,10.3,0.199,2022
14,3T,F,LeBron James,37.0,LAL,169.0,500.0,0.338,2.0,35.0,54.0,56.0,37.2,30.3,8.2,6.2,1.3,1.1,0.524,0.359,0.756,7.5,0.172,2022
15,3T,G,Chris Paul,36.0,PHO,114.0,500.0,0.228,0.0,16.0,66.0,65.0,32.9,14.7,4.4,10.8,1.9,0.3,0.493,0.317,0.837,9.4,0.21,2022
16,3T,G,Trae Young,23.0,ATL,110.0,500.0,0.22,0.0,11.0,77.0,76.0,34.9,28.4,3.7,9.7,0.9,0.1,0.46,0.382,0.904,10.0,0.181,2022
17,3T,F,Pascal Siakam,27.0,TOR,63.0,500.0,0.126,0.0,7.0,42.0,68.0,37.9,22.8,8.5,5.3,1.3,0.6,0.494,0.344,0.749,8.1,0.151,2022
19,ORV,C,Rudy Gobert,29.0,UTA,45.0,500.0,0.09,0.0,5.0,30.0,66.0,32.1,15.6,14.7,1.1,0.7,2.1,0.713,0.0,0.69,11.7,0.264,2022
20,ORV,F,Jimmy Butler,32.0,MIA,32.0,500.0,0.064,0.0,2.0,26.0,57.0,33.9,21.4,5.9,5.5,1.6,0.5,0.48,0.233,0.87,9.2,0.228,2022
21,ORV,C,Bam Adebayo,24.0,MIA,28.0,500.0,0.056,0.0,4.0,16.0,56.0,32.6,19.1,10.1,3.4,1.4,0.8,0.557,0.0,0.753,7.2,0.188,2022
22,ORV,G,Donovan Mitchell,25.0,UTA,4.0,500.0,0.008,0.0,0.0,4.0,67.0,33.8,25.9,4.2,5.3,1.5,0.2,0.448,0.355,0.853,7.2,0.152,2022
23,ORV,F,Jaylen Brown,25.0,BOS,3.0,500.0,0.006,0.0,0.0,3.0,66.0,33.6,23.6,6.1,3.5,1.1,0.3,0.473,0.358,0.758,5.8,0.124,2022
24,ORV,F,Desmond Bane,23.0,MEM,1.0,500.0,0.002,0.0,0.0,1.0,76.0,29.8,18.2,4.4,2.7,1.2,0.4,0.461,0.436,0.903,7.2,0.153,2022
25,ORV,G,Mikal Bridges,25.0,PHO,1.0,500.0,0.002,0.0,0.0,1.0,82.0,34.8,14.2,4.2,2.3,1.2,0.4,0.534,0.369,0.834,8.9,0.15,2022
26,ORV,G,Jrue Holiday,31.0,MIL,1.0,500.0,0.002,0.0,0.0,1.0,67.0,33.0,18.3,4.5,6.8,1.6,0.4,0.501,0.411,0.761,6.9,0.15,2022
27,ORV,G,Kyrie Irving,29.0,BRK,1.0,500.0,0.002,0.0,0.0,1.0,29.0,37.6,27.4,4.4,5.8,1.4,0.6,0.469,0.418,0.915,3.3,0.147,2022
28,ORV,F,Khris Middleton,30.0,MIL,1.0,500.0,0.002,0.0,0.0,1.0,66.0,32.4,20.1,5.4,5.4,1.2,0.3,0.443,0.373,0.89,5.3,0.119,2022
29,ORV,G,Dejounte Murray,25.0,SAS,1.0,500.0,0.002,0.0,0.0,1.0,68.0,34.8,21.1,8.3,9.2,2.0,0.3,0.462,0.327,0.794,7.3,0.149,2022
30,ORV,G,Fred VanVleet,27.0,TOR,1.0,500.0,0.002,0.0,0.0,1.0,65.0,37.9,20.3,4.4,6.7,1.7,0.5,0.403,0.377,0.874,6.7,0.131,2022
1,1T,F,Giannis Antetokounmpo,28.0,MIL,500.0,500.0,1.0,100.0,0.0,0.0,63.0,32.1,31.1,11.8,5.7,0.8,0.8,0.553,0.275,0.645,8.6,0.204,2023
2,1T,F,Jayson Tatum,24.0,BOS,484.0,500.0,0.968,92.0,8.0,0.0,74.0,36.9,30.1,8.8,4.6,1.1,0.7,0.466,0.35,0.854,10.5,0.185,2023
3,1T,C,Joel Embiid,28.0,PHI,474.0,500.0,0.948,87.0,13.0,0.0,66.0,34.6,33.1,10.2,4.2,1.0,1.7,0.548,0.33,0.857,12.3,0.259,2023
4,1T,G,Shai Gilgeous-Alexander,24.0,OKC,407.0,500.0,0.814,63.0,29.0,5.0,68.0,35.5,31.4,4.8,5.5,1.6,1.0,0.51,0.345,0.905,11.4,0.226,2023
5,1T,G,Luka Dončić,23.0,DAL,403.0,500.0,0.806,60.0,33.0,4.0,66.0,36.2,32.4,8.6,8.0,1.4,0.5,0.496,0.342,0.742,10.2,0.204,2023
7,2T,C,Nikola Jokić,27.0,DEN,364.0,500.0,0.728,32.0,68.0,0.0,69.0,33.7,24.5,11.8,9.8,1.3,0.7,0.632,0.383,0.822,14.9,0.308,2023
8,2T,G,Donovan Mitchell,26.0,CLE,349.0,500.0,0.698,45.0,36.0,16.0,68.0,35.8,28.3,4.3,4.4,1.5,0.4,0.484,0.386,0.867,8.9,0.176,2023
9,2T,G,Stephen Curry,34.0,GSW,188.0,500.0,0.376,17.0,20.0,43.0,56.0,34.7,29.4,6.1,6.3,0.9,0.4,0.493,0.427,0.915,7.8,0.192,2023
10,2T,F,Jimmy Butler,33.0,MIA,182.0,500.0,0.364,1.0,52.0,21.0,64.0,33.4,22.9,5.9,5.3,1.8,0.3,0.539,0.35,0.85,12.3,0.277,2023
11,2T,F,Jaylen Brown,26.0,BOS,169.0,500.0,0.338,1.0,45.0,29.0,67.0,35.9,26.6,6.9,3.5,1.1,0.4,0.491,0.335,0.765,5.0,0.1,2023
13,3T,C,Domantas Sabonis,26.0,SAC,147.0,500.0,0.294,0.0,26.0,69.0,79.0,34.6,19.1,12.3,7.3,0.8,0.5,0.615,0.373,0.742,12.6,0.221,2023
14,3T,G,De'Aaron Fox,25.0,SAC,144.0,500.0,0.288,1.0,33.0,40.0,73.0,33.4,25.0,4.2,6.1,1.1,0.3,0.512,0.324,0.78,7.4,0.146,2023
15,3T,G,Damian Lillard,32.0,POR,137.0,500.0,0.274,0.0,36.0,29.0,58.0,36.3,32.2,4.8,7.3,0.9,0.3,0.463,0.371,0.914,9.0,0.205,2023
16,3T,F,Julius Randle,28.0,NYK,125.0,500.0,0.25,0.0,30.0,35.0,77.0,35.5,25.1,10.0,4.1,0.6,0.3,0.459,0.343,0.757,8.1,0.142,2023
17,3T,F,LeBron James,38.0,LAL,81.0,500.0,0.162,0.0,16.0,33.0,55.0,35.5,28.9,8.3,6.8,0.9,0.6,0.5,0.321,0.768,5.6,0.138,2023
19,ORV,C,Anthony Davis,29.0,LAL,65.0,500.0,0.13,0.0,13.0,26.0,56.0,34.0,25.9,12.5,2.6,1.1,2.0,0.563,0.257,0.784,9.0,0.226,2023
20,ORV,F,Lauri Markkanen,25.0,UTA,49.0,500.0,0.098,0.0,6.0,31.0,66.0,34.4,25.6,8.6,1.9,0.6,0.6,0.499,0.391,0.875,8.2,0.173,2023
21,ORV,G,Ja Morant,23.0,MEM,44.0,500.0,0.088,0.0,10.0,14.0,61.0,31.9,26.2,5.9,8.1,1.1,0.3,0.466,0.307,0.748,6.0,0.148,2023
22,ORV,G,Jrue Holiday,32.0,MIL,39.0,500.0,0.078,1.0,5.0,19.0,67.0,32.6,19.3,5.1,7.4,1.2,0.4,0.479,0.384,0.859,6.7,0.148,2023
23,ORV,F,Kevin Durant,34.0,TOT,35.0,500.0,0.07,0.0,7.0,14.0,47.0,35.6,29.1,6.7,5.0,0.7,1.4,0.56,0.404,0.919,6.8,0.194,2023
24,ORV,G,Jalen Brunson,26.0,NYK,23.0,500.0,0.046,0.0,5.0,8.0,68.0,35.0,24.0,3.5,6.2,0.9,0.2,0.491,0.416,0.829,8.7,0.175,2023
25,ORV,F,Kawhi Leonard,31.0,LAC,15.0,500.0,0.03,0.0,4.0,3.0,52.0,33.6,23.8,6.5,3.9,1.4,0.5,0.512,0.416,0.871,7.1,0.194,2023
26,ORV,F,Pascal Siakam,28.0,TOR,15.0,500.0,0.03,0.0,1.0,12.0,71.0,37.4,24.2,7.8,5.8,0.9,0.5,0.48,0.324,0.774,7.8,0.141,2023
27,ORV,F,Anthony Edwards,21.0,MIN,14.0,500.0,0.028,0.0,2.0,8.0,79.0,36.0,24.6,5.8,4.4,1.6,0.7,0.459,0.369,0.756,3.8,0.064,2023
28,ORV,F,Jaren Jackson Jr.,23.0,MEM,11.0,500.0,0.022,0.0,1.0,8.0,63.0,28.4,18.6,6.8,1.0,1.0,3.0,0.506,0.355,0.788,6.6,0.177,2023
29,ORV,G,Devin Booker,26.0,PHO,10.0,500.0,0.02,0.0,1.0,7.0,53.0,34.6,27.8,4.5,5.5,1.0,0.3,0.494,0.351,0.855,6.0,0.157,2023
30,ORV,C,Bam Adebayo,25.0,MIA,9.0,500.0,0.018,0.0,0.0,9.0,75.0,34.6,20.4,9.2,3.2,1.2,0.8,0.54,0.083,0.806,7.4,0.137,2023
31,ORV,G,James Harden,33.0,PHI,6.0,500.0,0.012,0.0,0.0,6.0,58.0,36.8,21.0,6.1,10.7,1.2,0.5,0.441,0.385,0.867,8.4,0.188,2023
32,ORV,F,Mikal Bridges,26.0,TOT,2.0,500.0,0.004,0.0,0.0,2.0,83.0,35.7,20.1,4.4,3.3,1.1,0.7,0.468,0.382,0.895,7.5,0.121,2023
33,ORV,F,DeMar DeRozan,33.0,CHI,2.0,500.0,0.004,0.0,0.0,2.0,74.0,36.2,24.5,4.6,5.1,1.1,0.5,0.504,0.324,0.872,8.5,0.153,2023
34,ORV,C,Kristaps Porziņģis,27.0,WAS,2.0,500.0,0.004,0.0,0.0,2.0,65.0,32.6,23.2,8.4,2.7,0.9,1.5,0.498,0.385,0.851,7.7,0.174,2023
35,ORV,F,Paul George,32.0,LAC,1.0,500.0,0.002,0.0,0.0,1.0,56.0,34.6,23.8,6.1,5.1,1.5,0.4,0.457,0.371,0.871,4.6,0.114,2023
36,ORV,G,Tyrese Haliburton,22.0,IND,1.0,500.0,0.002,0.0,0.0,1.0,56.0,33.6,20.7,3.7,10.4,1.6,0.4,0.49,0.4,0.871,7.6,0.195,2023
37,ORV,F,Zach LaVine,27.0,CHI,1.0,500.0,0.002,0.0,0.0,1.0,77.0,35.9,24.8,4.5,4.2,0.9,0.2,0.485,0.375,0.848,7.1,0.123,2023
38,ORV,C,Brook Lopez,34.0,MIL,1.0,500.0,0.002,0.0,0.0,1.0,78.0,30.4,15.9,6.7,1.3,0.5,2.5,0.531,0.374,0.784,8.0,0.161,2023
39,ORV,G,Trae Young,24.0,ATL,1.0,500.0,0.002,0.0,0.0,1.0,73.0,34.8,26.2,3.0,10.2,1.1,0.1,0.429,0.335,0.886,6.7,0.126,2023
